/home/hungnh/Thanh/TSE_submission/data/evaluation_raw/Patch186,Time,18,2019_Evosuite,0,29, 11,1.061,1) test28(org.joda.time.chrono.GJChronology_ESTest)	at org.joda.time.chrono.GJChronology_ESTest.test28(GJChronology_ESTest.java:304)2) test20(org.joda.time.chrono.GJChronology_ESTest)	at org.joda.time.chrono.GJChronology_ESTest.test20(GJChronology_ESTest.java:237)3) test00(org.joda.time.chrono.GJChronology_ESTest)	at org.joda.time.chrono.GJChronology_ESTest.test00(GJChronology_ESTest.java:47)4) test23(org.joda.time.chrono.GJChronology_ESTest)	at org.joda.time.chrono.GJChronology_ESTest.test23(GJChronology_ESTest.java:264)5) test03(org.joda.time.chrono.GJChronology_ESTest)	at org.joda.time.chrono.GJChronology_ESTest.test03(GJChronology_ESTest.java:71)6) test27(org.joda.time.chrono.GJChronology_ESTest)	at org.joda.time.chrono.GJChronology_ESTest.test27(GJChronology_ESTest.java:296)7) test17(org.joda.time.chrono.GJChronology_ESTest)	at org.joda.time.chrono.GJChronology_ESTest.test17(GJChronology_ESTest.java:201)8) test18(org.joda.time.chrono.GJChronology_ESTest)	at org.joda.time.chrono.GJChronology_ESTest.test18(GJChronology_ESTest.java:222)9) test19(org.joda.time.chrono.GJChronology_ESTest)	at org.joda.time.chrono.GJChronology_ESTest.test19(GJChronology_ESTest.java:229)10) test12(org.joda.time.chrono.GJChronology_ESTest)	at org.joda.time.chrono.GJChronology_ESTest.test12(GJChronology_ESTest.java:153)11) test16(org.joda.time.chrono.GJChronology_ESTest)	at org.joda.time.chrono.GJChronology_ESTest.test16(GJChronology_ESTest.java:196),|org.junit.ComparisonFailure: expected:<GJChronology[[America/Los_Angeles]]> but was:<GJChronology[[UTC]]>^org.junit.ComparisonFailure: expected:<GJChronology[[America/Los_Angeles],cutover=1970-12-22,...> but was:<GJChronology[[UTC],cutover=1970-12-22,...>^|,,|java.lang.AssertionError: expected:<-36105696000000> but was:<-36104832000000>	at sun.reflect.NativeMethodAccessorImpl.invoke0(Native Method)java.lang.AssertionError: expected:<1392364800000> but was:<1392336000000>	at sun.reflect.NativeMethodAccessorImpl.invoke0(Native Method)java.lang.AssertionError: expected:<-4883241600000> but was:<-4882377600000>	at sun.reflect.NativeMethodAccessorImpl.invoke0(Native Method)java.lang.AssertionError: expected:<5837061686400000> but was:<5837061657600000>	at sun.reflect.NativeMethodAccessorImpl.invoke0(Native Method)java.lang.AssertionError: expected:<-21426509225626> but was:<-21426508803626>	at sun.reflect.NativeMethodAccessorImpl.invoke0(Native Method)java.lang.AssertionError: expected:<1423900800000> but was:<1423872000000>	at sun.reflect.NativeMethodAccessorImpl.invoke0(Native Method)java.lang.ClassCastException: org.joda.time.tz.FixedDateTimeZone cannot be cast to org.joda.time.tz.CachedDateTimeZone	at sun.reflect.NativeMethodAccessorImpl.invoke0(Native Method)org.junit.ComparisonFailure: expected:<GJChronology[[America/Los_Angeles]]> but was:<GJChronology[[UTC]]>	at sun.reflect.NativeMethodAccessorImpl.invoke0(Native Method)org.junit.ComparisonFailure: expected:<GJChronology[[America/Los_Angeles],cutover=1970-12-22,...> but was:<GJChronology[[UTC],cutover=1970-12-22,...>	at sun.reflect.NativeMethodAccessorImpl.invoke0(Native Method)java.lang.AssertionError: expected:<-61861594021991> but was:<-61861622399991>	at sun.reflect.NativeMethodAccessorImpl.invoke0(Native Method)java.lang.AssertionError: expected:<28796921> but was:<-3079>	at sun.reflect.NativeMethodAccessorImpl.invoke0(Native Method)|
/home/hungnh/Thanh/TSE_submission/data/evaluation_raw/Patch186,Time,18,2019_Evosuite,1,34, 11,1.133,1) test21(org.joda.time.chrono.GJChronology_ESTest)	at org.joda.time.chrono.GJChronology_ESTest.test21(GJChronology_ESTest.java:255)2) test00(org.joda.time.chrono.GJChronology_ESTest)	at org.joda.time.chrono.GJChronology_ESTest.test00(GJChronology_ESTest.java:54)3) test26(org.joda.time.chrono.GJChronology_ESTest)	at org.joda.time.chrono.GJChronology_ESTest.test26(GJChronology_ESTest.java:303)4) test05(org.joda.time.chrono.GJChronology_ESTest)	at org.joda.time.chrono.GJChronology_ESTest.test05(GJChronology_ESTest.java:90)5) test27(org.joda.time.chrono.GJChronology_ESTest)	at org.joda.time.chrono.GJChronology_ESTest.test27(GJChronology_ESTest.java:322)6) test19(org.joda.time.chrono.GJChronology_ESTest)	at org.joda.time.chrono.GJChronology_ESTest.test19(GJChronology_ESTest.java:236)7) test31(org.joda.time.chrono.GJChronology_ESTest)	at org.joda.time.chrono.GJChronology_ESTest.test31(GJChronology_ESTest.java:375)8) test12(org.joda.time.chrono.GJChronology_ESTest)	at org.joda.time.chrono.GJChronology_ESTest.test12(GJChronology_ESTest.java:164)9) test13(org.joda.time.chrono.GJChronology_ESTest)	at org.joda.time.chrono.GJChronology_ESTest.test13(GJChronology_ESTest.java:181)10) test14(org.joda.time.chrono.GJChronology_ESTest)	at org.joda.time.chrono.GJChronology_ESTest.test14(GJChronology_ESTest.java:188)11) test16(org.joda.time.chrono.GJChronology_ESTest)	at org.joda.time.chrono.GJChronology_ESTest.test16(GJChronology_ESTest.java:203),|org.junit.ComparisonFailure: expected:<GJChronology[[America/Los_Angeles],cutover=2014-02-14T...> but was:<GJChronology[[UTC],cutover=2014-02-14T...>^|,,|org.junit.ComparisonFailure: expected:<GJChronology[[America/Los_Angeles],cutover=2014-02-14T...> but was:<GJChronology[[UTC],cutover=2014-02-14T...>	at sun.reflect.NativeMethodAccessorImpl.invoke0(Native Method)arrays first differed at element [0]; expected:<2511> but was:<2512>	at sun.reflect.NativeMethodAccessorImpl.invoke0(Native Method)java.lang.ClassCastException: org.joda.time.tz.FixedDateTimeZone cannot be cast to org.joda.time.tz.CachedDateTimeZone	at sun.reflect.NativeMethodAccessorImpl.invoke0(Native Method)java.lang.ClassCastException: org.joda.time.tz.FixedDateTimeZone cannot be cast to org.joda.time.tz.CachedDateTimeZone	at sun.reflect.NativeMethodAccessorImpl.invoke0(Native Method)org.joda.time.IllegalFieldValueException: Value 14 for dayOfMonth is not supported	at sun.reflect.NativeMethodAccessorImpl.invoke0(Native Method)java.lang.ClassCastException: org.joda.time.tz.FixedDateTimeZone cannot be cast to org.joda.time.tz.CachedDateTimeZone	at sun.reflect.NativeMethodAccessorImpl.invoke0(Native Method)org.joda.time.IllegalFieldValueException: Value 292278994 for year must be in the range [-292269054,292272992]	at sun.reflect.NativeMethodAccessorImpl.invoke0(Native Method)java.lang.ClassCastException: org.joda.time.tz.FixedDateTimeZone cannot be cast to org.joda.time.tz.CachedDateTimeZone	at sun.reflect.NativeMethodAccessorImpl.invoke0(Native Method)java.lang.AssertionError: expected not same	at sun.reflect.NativeMethodAccessorImpl.invoke0(Native Method)java.lang.AssertionError: expected:<-61895894821992> but was:<-61895923199992>	at sun.reflect.NativeMethodAccessorImpl.invoke0(Native Method)java.lang.AssertionError: expected:<-189344444580907> but was:<-189344472958907>	at sun.reflect.NativeMethodAccessorImpl.invoke0(Native Method)|
/home/hungnh/Thanh/TSE_submission/data/evaluation_raw/Patch186,Time,18,2019_Evosuite,2,42, 27,1.228,1) test28(org.joda.time.chrono.GJChronology_ESTest)	at org.joda.time.chrono.GJChronology_ESTest.test28(GJChronology_ESTest.java:294)2) test07(org.joda.time.chrono.GJChronology_ESTest)	at org.joda.time.chrono.GJChronology_ESTest.test07(GJChronology_ESTest.java:100)3) test08(org.joda.time.chrono.GJChronology_ESTest)	at org.joda.time.chrono.GJChronology_ESTest.test08(GJChronology_ESTest.java:110)4) test09(org.joda.time.chrono.GJChronology_ESTest)	at org.joda.time.chrono.GJChronology_ESTest.test09(GJChronology_ESTest.java:121)5) test20(org.joda.time.chrono.GJChronology_ESTest)	at org.joda.time.chrono.GJChronology_ESTest.test20(GJChronology_ESTest.java:225)6) test21(org.joda.time.chrono.GJChronology_ESTest)	at org.joda.time.chrono.GJChronology_ESTest.test21(GJChronology_ESTest.java:231)7) test00(org.joda.time.chrono.GJChronology_ESTest)	at org.joda.time.chrono.GJChronology_ESTest.test00(GJChronology_ESTest.java:50)8) test22(org.joda.time.chrono.GJChronology_ESTest)	at org.joda.time.chrono.GJChronology_ESTest.test22(GJChronology_ESTest.java:240)9) test01(org.joda.time.chrono.GJChronology_ESTest)	at org.joda.time.chrono.GJChronology_ESTest.test01(GJChronology_ESTest.java:58)10) test23(org.joda.time.chrono.GJChronology_ESTest)	at org.joda.time.chrono.GJChronology_ESTest.test23(GJChronology_ESTest.java:249)11) test24(org.joda.time.chrono.GJChronology_ESTest)	at org.joda.time.chrono.GJChronology_ESTest.test24(GJChronology_ESTest.java:258)12) test25(org.joda.time.chrono.GJChronology_ESTest)	at org.joda.time.chrono.GJChronology_ESTest.test25(GJChronology_ESTest.java:267)13) test26(org.joda.time.chrono.GJChronology_ESTest)	at org.joda.time.chrono.GJChronology_ESTest.test26(GJChronology_ESTest.java:276)14) test27(org.joda.time.chrono.GJChronology_ESTest)	at org.joda.time.chrono.GJChronology_ESTest.test27(GJChronology_ESTest.java:285)15) test30(org.joda.time.chrono.GJChronology_ESTest)	at org.joda.time.chrono.GJChronology_ESTest.test30(GJChronology_ESTest.java:315)16) test17(org.joda.time.chrono.GJChronology_ESTest)	at org.joda.time.chrono.GJChronology_ESTest.test17(GJChronology_ESTest.java:201)17) test18(org.joda.time.chrono.GJChronology_ESTest)	at org.joda.time.chrono.GJChronology_ESTest.test18(GJChronology_ESTest.java:208)18) test19(org.joda.time.chrono.GJChronology_ESTest)	at org.joda.time.chrono.GJChronology_ESTest.test19(GJChronology_ESTest.java:215)19) test31(org.joda.time.chrono.GJChronology_ESTest)	at org.joda.time.chrono.GJChronology_ESTest.test31(GJChronology_ESTest.java:336)20) test10(org.joda.time.chrono.GJChronology_ESTest)	at org.joda.time.chrono.GJChronology_ESTest.test10(GJChronology_ESTest.java:126)21) test32(org.joda.time.chrono.GJChronology_ESTest)	at org.joda.time.chrono.GJChronology_ESTest.test32(GJChronology_ESTest.java:345)22) test33(org.joda.time.chrono.GJChronology_ESTest)	at org.joda.time.chrono.GJChronology_ESTest.test33(GJChronology_ESTest.java:356)23) test12(org.joda.time.chrono.GJChronology_ESTest)	at org.joda.time.chrono.GJChronology_ESTest.test12(GJChronology_ESTest.java:152)24) test34(org.joda.time.chrono.GJChronology_ESTest)	at org.joda.time.chrono.GJChronology_ESTest.test34(GJChronology_ESTest.java:364)25) test36(org.joda.time.chrono.GJChronology_ESTest)	at org.joda.time.chrono.GJChronology_ESTest.test36(GJChronology_ESTest.java:381)26) test37(org.joda.time.chrono.GJChronology_ESTest)	at org.joda.time.chrono.GJChronology_ESTest.test37(GJChronology_ESTest.java:389)27) test16(org.joda.time.chrono.GJChronology_ESTest)	at org.joda.time.chrono.GJChronology_ESTest.test16(GJChronology_ESTest.java:194),|org.junit.ComparisonFailure: expected:<GJChronology[[America/Los_Angeles,cutover=2014-02-14T08:00:00.000Z]]> but was:<GJChronology[[UTC,cutover=2014-02-14]]>^org.junit.ComparisonFailure: expected:<GJChronology[[America/Los_Angeles]]> but was:<GJChronology[[UTC]]>^org.junit.ComparisonFailure: expected:<GJChronology[[America/Los_Angeles],cutover=1972-01-02,...> but was:<GJChronology[[UTC],cutover=1972-01-02,...>^|,,|java.lang.ClassCastException: org.joda.time.chrono.GJChronology$CutoverField cannot be cast to org.joda.time.chrono.ZonedChronology$ZonedDateTimeField	at sun.reflect.NativeMethodAccessorImpl.invoke0(Native Method)java.lang.ClassCastException: org.joda.time.chrono.GJChronology$CutoverField cannot be cast to org.joda.time.chrono.ZonedChronology$ZonedDateTimeField	at sun.reflect.NativeMethodAccessorImpl.invoke0(Native Method)java.lang.ClassCastException: org.joda.time.chrono.GJChronology$CutoverField cannot be cast to org.joda.time.chrono.ZonedChronology$ZonedDateTimeField	at sun.reflect.NativeMethodAccessorImpl.invoke0(Native Method)java.lang.AssertionError: expected:<-11229149220626> but was:<-11229148798626>	at sun.reflect.NativeMethodAccessorImpl.invoke0(Native Method)org.junit.ComparisonFailure: expected:<GJChronology[[America/Los_Angeles,cutover=2014-02-14T08:00:00.000Z]]> but was:<GJChronology[[UTC,cutover=2014-02-14]]>	at sun.reflect.NativeMethodAccessorImpl.invoke0(Native Method)java.lang.ClassCastException: org.joda.time.chrono.GJChronology$CutoverField cannot be cast to org.joda.time.chrono.ZonedChronology$ZonedDateTimeField	at sun.reflect.NativeMethodAccessorImpl.invoke0(Native Method)java.lang.AssertionError: expected:<17738899200000> but was:<17738870400000>	at sun.reflect.NativeMethodAccessorImpl.invoke0(Native Method)java.lang.ClassCastException: org.joda.time.chrono.GJChronology$CutoverField cannot be cast to org.joda.time.chrono.ZonedChronology$ZonedDateTimeField	at sun.reflect.NativeMethodAccessorImpl.invoke0(Native Method)java.lang.AssertionError: expected:<1392364800000> but was:<1392336000000>	at sun.reflect.NativeMethodAccessorImpl.invoke0(Native Method)java.lang.ClassCastException: org.joda.time.chrono.GJChronology$CutoverField cannot be cast to org.joda.time.chrono.ZonedChronology$ZonedDateTimeField	at sun.reflect.NativeMethodAccessorImpl.invoke0(Native Method)java.lang.ClassCastException: org.joda.time.chrono.GJChronology$CutoverField cannot be cast to org.joda.time.chrono.ZonedChronology$ZonedDateTimeField	at sun.reflect.NativeMethodAccessorImpl.invoke0(Native Method)java.lang.ClassCastException: org.joda.time.chrono.GJChronology$CutoverField cannot be cast to org.joda.time.chrono.ZonedChronology$ZonedDateTimeField	at sun.reflect.NativeMethodAccessorImpl.invoke0(Native Method)java.lang.ClassCastException: org.joda.time.chrono.GJChronology$CutoverField cannot be cast to org.joda.time.chrono.ZonedChronology$ZonedDateTimeField	at sun.reflect.NativeMethodAccessorImpl.invoke0(Native Method)java.lang.ClassCastException: org.joda.time.chrono.GJChronology$CutoverField cannot be cast to org.joda.time.chrono.ZonedChronology$ZonedDateTimeField	at sun.reflect.NativeMethodAccessorImpl.invoke0(Native Method)java.lang.ClassCastException: org.joda.time.chrono.GJChronology$CutoverField cannot be cast to org.joda.time.chrono.ZonedChronology$ZonedDateTimeField	at sun.reflect.NativeMethodAccessorImpl.invoke0(Native Method)java.lang.AssertionError: expected:<-61998778916995> but was:<-61998807294995>	at sun.reflect.NativeMethodAccessorImpl.invoke0(Native Method)org.junit.ComparisonFailure: expected:<GJChronology[[America/Los_Angeles]]> but was:<GJChronology[[UTC]]>	at sun.reflect.NativeMethodAccessorImpl.invoke0(Native Method)org.junit.ComparisonFailure: expected:<GJChronology[[America/Los_Angeles],cutover=1972-01-02,...> but was:<GJChronology[[UTC],cutover=1972-01-02,...>	at sun.reflect.NativeMethodAccessorImpl.invoke0(Native Method)java.lang.ClassCastException: org.joda.time.chrono.GJChronology$CutoverField cannot be cast to org.joda.time.chrono.ZonedChronology$ZonedDateTimeField	at sun.reflect.NativeMethodAccessorImpl.invoke0(Native Method)java.lang.ClassCastException: org.joda.time.tz.FixedDateTimeZone cannot be cast to org.joda.time.tz.CachedDateTimeZone	at sun.reflect.NativeMethodAccessorImpl.invoke0(Native Method)java.lang.ClassCastException: org.joda.time.chrono.GJChronology$CutoverField cannot be cast to org.joda.time.chrono.ZonedChronology$ZonedDateTimeField	at sun.reflect.NativeMethodAccessorImpl.invoke0(Native Method)java.lang.AssertionError: expected:<-78289430822000> but was:<-78289459200000>	at sun.reflect.NativeMethodAccessorImpl.invoke0(Native Method)java.lang.AssertionError: expected:<-62135741221999> but was:<-62135769599999>	at sun.reflect.NativeMethodAccessorImpl.invoke0(Native Method)java.lang.AssertionError: expected:<1970> but was:<1971>	at sun.reflect.NativeMethodAccessorImpl.invoke0(Native Method)java.lang.AssertionError: expected:<8010490021979> but was:<8010489599979>	at sun.reflect.NativeMethodAccessorImpl.invoke0(Native Method)java.lang.AssertionError: expected:<-37129104420626> but was:<-37129103998626>	at sun.reflect.NativeMethodAccessorImpl.invoke0(Native Method)java.lang.AssertionError: expected:<26423928305005> but was:<26423903105005>	at sun.reflect.NativeMethodAccessorImpl.invoke0(Native Method)|
/home/hungnh/Thanh/TSE_submission/data/evaluation_raw/Patch186,Time,18,2019_Evosuite,3,54, 7,1.183,1) test46(org.joda.time.chrono.GJChronology_ESTest)	at org.joda.time.chrono.GJChronology_ESTest.test46(GJChronology_ESTest.java:557)2) test48(org.joda.time.chrono.GJChronology_ESTest)	at org.joda.time.chrono.GJChronology_ESTest.test48(GJChronology_ESTest.java:575)3) test49(org.joda.time.chrono.GJChronology_ESTest)	at org.joda.time.chrono.GJChronology_ESTest.test49(GJChronology_ESTest.java:585)4) test24(org.joda.time.chrono.GJChronology_ESTest)	at org.joda.time.chrono.GJChronology_ESTest.test24(GJChronology_ESTest.java:320)5) test25(org.joda.time.chrono.GJChronology_ESTest)	at org.joda.time.chrono.GJChronology_ESTest.test25(GJChronology_ESTest.java:327)6) test26(org.joda.time.chrono.GJChronology_ESTest)	at org.joda.time.chrono.GJChronology_ESTest.test26(GJChronology_ESTest.java:335)7) test32(org.joda.time.chrono.GJChronology_ESTest)	at org.joda.time.chrono.GJChronology_ESTest.test32(GJChronology_ESTest.java:388),|org.junit.ComparisonFailure: expected:<GJChronology[[America/Los_Angeles]]> but was:<GJChronology[[UTC]]>^org.junit.ComparisonFailure: expected:<GJChronology[[America/Los_Angeles],cutover=1969-12-31T...> but was:<GJChronology[[UTC],cutover=1969-12-31T...>^|,,|java.lang.AssertionError: expected:<10864582790398998> but was:<10864583827198998>	at sun.reflect.NativeMethodAccessorImpl.invoke0(Native Method)java.lang.AssertionError: expected:<-14759830800423002> but was:<-14759798140801002>	at sun.reflect.NativeMethodAccessorImpl.invoke0(Native Method)arrays first differed at element [1]; expected:<20> but was:<19>	at sun.reflect.NativeMethodAccessorImpl.invoke0(Native Method)java.lang.AssertionError: expected:<-61861594022000> but was:<-61861622400000>	at sun.reflect.NativeMethodAccessorImpl.invoke0(Native Method)org.junit.ComparisonFailure: expected:<GJChronology[[America/Los_Angeles]]> but was:<GJChronology[[UTC]]>	at sun.reflect.NativeMethodAccessorImpl.invoke0(Native Method)org.junit.ComparisonFailure: expected:<GJChronology[[America/Los_Angeles],cutover=1969-12-31T...> but was:<GJChronology[[UTC],cutover=1969-12-31T...>	at sun.reflect.NativeMethodAccessorImpl.invoke0(Native Method)java.lang.ClassCastException: org.joda.time.tz.FixedDateTimeZone cannot be cast to org.joda.time.tz.CachedDateTimeZone	at sun.reflect.NativeMethodAccessorImpl.invoke0(Native Method)|
/home/hungnh/Thanh/TSE_submission/data/evaluation_raw/Patch186,Time,18,2019_Evosuite,4,28, 7,1.139,1) test06(org.joda.time.chrono.GJChronology_ESTest)	at org.joda.time.chrono.GJChronology_ESTest.test06(GJChronology_ESTest.java:92)2) test24(org.joda.time.chrono.GJChronology_ESTest)	at org.joda.time.chrono.GJChronology_ESTest.test24(GJChronology_ESTest.java:303)3) test05(org.joda.time.chrono.GJChronology_ESTest)	at org.joda.time.chrono.GJChronology_ESTest.test05(GJChronology_ESTest.java:86)4) test27(org.joda.time.chrono.GJChronology_ESTest)	at org.joda.time.chrono.GJChronology_ESTest.test27(GJChronology_ESTest.java:331)5) test12(org.joda.time.chrono.GJChronology_ESTest)	at org.joda.time.chrono.GJChronology_ESTest.test12(GJChronology_ESTest.java:175)6) test14(org.joda.time.chrono.GJChronology_ESTest)	at org.joda.time.chrono.GJChronology_ESTest.test14(GJChronology_ESTest.java:206)7) test15(org.joda.time.chrono.GJChronology_ESTest)	at org.joda.time.chrono.GJChronology_ESTest.test15(GJChronology_ESTest.java:213),org.junit.ComparisonFailure: expected:<GJChronology[[America/Los_Angeles]]> but was:<GJChronology[[UTC]]>^,java.lang.AssertionError: Expecting exception: IllegalArgumentException^,java.lang.ClassCastException: org.joda.time.tz.FixedDateTimeZone cannot be cast to org.joda.time.tz.CachedDateTimeZone	at sun.reflect.NativeMethodAccessorImpl.invoke0(Native Method)arrays first differed at element [5]; expected:<-4> but was:<-11>	at sun.reflect.NativeMethodAccessorImpl.invoke0(Native Method)java.lang.AssertionError: expected:<611313303809178783> but was:<611313303812778783>	at sun.reflect.NativeMethodAccessorImpl.invoke0(Native Method)java.lang.AssertionError: expected:<-11691648000000> but was:<-11690784000000>	at sun.reflect.NativeMethodAccessorImpl.invoke0(Native Method)java.lang.AssertionError: Expecting exception: IllegalArgumentException	at sun.reflect.NativeMethodAccessorImpl.invoke0(Native Method)java.lang.AssertionError: expected:<77127926400000> but was:<77127897600000>	at sun.reflect.NativeMethodAccessorImpl.invoke0(Native Method)org.junit.ComparisonFailure: expected:<GJChronology[[America/Los_Angeles]]> but was:<GJChronology[[UTC]]>	at sun.reflect.NativeMethodAccessorImpl.invoke0(Native Method)
/home/hungnh/Thanh/TSE_submission/data/evaluation_raw/Patch186,Time,18,2019_Evosuite,5,33, 9,1.104,1) test28(org.joda.time.chrono.GJChronology_ESTest)	at org.joda.time.chrono.GJChronology_ESTest.test28(GJChronology_ESTest.java:316)2) test00(org.joda.time.chrono.GJChronology_ESTest)	at org.joda.time.chrono.GJChronology_ESTest.test00(GJChronology_ESTest.java:52)3) test24(org.joda.time.chrono.GJChronology_ESTest)	at org.joda.time.chrono.GJChronology_ESTest.test24(GJChronology_ESTest.java:284)4) test19(org.joda.time.chrono.GJChronology_ESTest)	at org.joda.time.chrono.GJChronology_ESTest.test19(GJChronology_ESTest.java:232)5) test31(org.joda.time.chrono.GJChronology_ESTest)	at org.joda.time.chrono.GJChronology_ESTest.test31(GJChronology_ESTest.java:342)6) test10(org.joda.time.chrono.GJChronology_ESTest)	at org.joda.time.chrono.GJChronology_ESTest.test10(GJChronology_ESTest.java:126)7) test11(org.joda.time.chrono.GJChronology_ESTest)	at org.joda.time.chrono.GJChronology_ESTest.test11(GJChronology_ESTest.java:141)8) test12(org.joda.time.chrono.GJChronology_ESTest)	at org.joda.time.chrono.GJChronology_ESTest.test12(GJChronology_ESTest.java:158)9) test14(org.joda.time.chrono.GJChronology_ESTest)	at org.joda.time.chrono.GJChronology_ESTest.test14(GJChronology_ESTest.java:175),org.junit.ComparisonFailure: expected:<GJChronology[[America/Los_Angeles]]> but was:<GJChronology[[UTC]]>^,java.lang.AssertionError: Expecting exception: IllegalArgumentException^,arrays first differed at element [0]; expected:<-4635> but was:<-4634>	at sun.reflect.NativeMethodAccessorImpl.invoke0(Native Method)java.lang.AssertionError: expected:<-62067398821909> but was:<-62067427199909>	at sun.reflect.NativeMethodAccessorImpl.invoke0(Native Method)java.lang.AssertionError: expected:<1392422821991> but was:<1392422399991>	at sun.reflect.NativeMethodAccessorImpl.invoke0(Native Method)org.junit.ComparisonFailure: expected:<GJChronology[[America/Los_Angeles]]> but was:<GJChronology[[UTC]]>	at sun.reflect.NativeMethodAccessorImpl.invoke0(Native Method)java.lang.AssertionError: expected:<46367506800000> but was:<46367510400000>	at sun.reflect.NativeMethodAccessorImpl.invoke0(Native Method)java.lang.ClassCastException: org.joda.time.tz.FixedDateTimeZone cannot be cast to org.joda.time.tz.CachedDateTimeZone	at sun.reflect.NativeMethodAccessorImpl.invoke0(Native Method)java.lang.ClassCastException: org.joda.time.tz.FixedDateTimeZone cannot be cast to org.joda.time.tz.CachedDateTimeZone	at sun.reflect.NativeMethodAccessorImpl.invoke0(Native Method)java.lang.AssertionError: expected not same	at sun.reflect.NativeMethodAccessorImpl.invoke0(Native Method)java.lang.AssertionError: Expecting exception: IllegalArgumentException	at sun.reflect.NativeMethodAccessorImpl.invoke0(Native Method)
/home/hungnh/Thanh/TSE_submission/data/evaluation_raw/Patch186,Time,18,2019_Evosuite,6,33, 8,1.102,1) test20(org.joda.time.chrono.GJChronology_ESTest)	at org.joda.time.chrono.GJChronology_ESTest.test20(GJChronology_ESTest.java:242)2) test22(org.joda.time.chrono.GJChronology_ESTest)	at org.joda.time.chrono.GJChronology_ESTest.test22(GJChronology_ESTest.java:262)3) test01(org.joda.time.chrono.GJChronology_ESTest)	at org.joda.time.chrono.GJChronology_ESTest.test01(GJChronology_ESTest.java:61)4) test24(org.joda.time.chrono.GJChronology_ESTest)	at org.joda.time.chrono.GJChronology_ESTest.test24(GJChronology_ESTest.java:278)5) test25(org.joda.time.chrono.GJChronology_ESTest)	at org.joda.time.chrono.GJChronology_ESTest.test25(GJChronology_ESTest.java:291)6) test19(org.joda.time.chrono.GJChronology_ESTest)	at org.joda.time.chrono.GJChronology_ESTest.test19(GJChronology_ESTest.java:237)7) test10(org.joda.time.chrono.GJChronology_ESTest)	at org.joda.time.chrono.GJChronology_ESTest.test10(GJChronology_ESTest.java:136)8) test12(org.joda.time.chrono.GJChronology_ESTest)	at org.joda.time.chrono.GJChronology_ESTest.test12(GJChronology_ESTest.java:155),,,java.lang.ClassCastException: org.joda.time.tz.FixedDateTimeZone cannot be cast to org.joda.time.tz.CachedDateTimeZone	at sun.reflect.NativeMethodAccessorImpl.invoke0(Native Method)java.lang.ClassCastException: org.joda.time.tz.FixedDateTimeZone cannot be cast to org.joda.time.tz.CachedDateTimeZone	at sun.reflect.NativeMethodAccessorImpl.invoke0(Native Method)java.lang.AssertionError: expected:<-57600000> but was:<-86400000>	at sun.reflect.NativeMethodAccessorImpl.invoke0(Native Method)java.lang.ClassCastException: org.joda.time.tz.FixedDateTimeZone cannot be cast to org.joda.time.tz.CachedDateTimeZone	at sun.reflect.NativeMethodAccessorImpl.invoke0(Native Method)java.lang.ClassCastException: org.joda.time.tz.FixedDateTimeZone cannot be cast to org.joda.time.tz.CachedDateTimeZone	at sun.reflect.NativeMethodAccessorImpl.invoke0(Native Method)java.lang.AssertionError: expected:<-60839126699958> but was:<-60839155077958>	at sun.reflect.NativeMethodAccessorImpl.invoke0(Native Method)java.lang.AssertionError: expected:<-25458106023383> but was:<-25459228801383>	at sun.reflect.NativeMethodAccessorImpl.invoke0(Native Method)java.lang.ClassCastException: org.joda.time.tz.FixedDateTimeZone cannot be cast to org.joda.time.tz.CachedDateTimeZone	at sun.reflect.NativeMethodAccessorImpl.invoke0(Native Method)
/home/hungnh/Thanh/TSE_submission/data/evaluation_raw/Patch186,Time,18,2019_Evosuite,7,35, 15,1.109,1) test28(org.joda.time.chrono.GJChronology_ESTest)	at org.joda.time.chrono.GJChronology_ESTest.test28(GJChronology_ESTest.java:364)2) test29(org.joda.time.chrono.GJChronology_ESTest)	at org.joda.time.chrono.GJChronology_ESTest.test29(GJChronology_ESTest.java:374)3) test20(org.joda.time.chrono.GJChronology_ESTest)	at org.joda.time.chrono.GJChronology_ESTest.test20(GJChronology_ESTest.java:247)4) test21(org.joda.time.chrono.GJChronology_ESTest)	at org.joda.time.chrono.GJChronology_ESTest.test21(GJChronology_ESTest.java:273)5) test24(org.joda.time.chrono.GJChronology_ESTest)	at org.joda.time.chrono.GJChronology_ESTest.test24(GJChronology_ESTest.java:313)6) test04(org.joda.time.chrono.GJChronology_ESTest)	at org.joda.time.chrono.GJChronology_ESTest.test04(GJChronology_ESTest.java:87)7) test05(org.joda.time.chrono.GJChronology_ESTest)	at org.joda.time.chrono.GJChronology_ESTest.test05(GJChronology_ESTest.java:96)8) test17(org.joda.time.chrono.GJChronology_ESTest)	at org.joda.time.chrono.GJChronology_ESTest.test17(GJChronology_ESTest.java:226)9) test18(org.joda.time.chrono.GJChronology_ESTest)	at org.joda.time.chrono.GJChronology_ESTest.test18(GJChronology_ESTest.java:233)10) test19(org.joda.time.chrono.GJChronology_ESTest)	at org.joda.time.chrono.GJChronology_ESTest.test19(GJChronology_ESTest.java:242)11) test31(org.joda.time.chrono.GJChronology_ESTest)	at org.joda.time.chrono.GJChronology_ESTest.test31(GJChronology_ESTest.java:388)12) test32(org.joda.time.chrono.GJChronology_ESTest)	at org.joda.time.chrono.GJChronology_ESTest.test32(GJChronology_ESTest.java:401)13) test33(org.joda.time.chrono.GJChronology_ESTest)	at org.joda.time.chrono.GJChronology_ESTest.test33(GJChronology_ESTest.java:412)14) test12(org.joda.time.chrono.GJChronology_ESTest)	at org.joda.time.chrono.GJChronology_ESTest.test12(GJChronology_ESTest.java:169)15) test34(org.joda.time.chrono.GJChronology_ESTest)	at org.joda.time.chrono.GJChronology_ESTest.test34(GJChronology_ESTest.java:425),|org.junit.ComparisonFailure: expected:<GJChronology[[America/Los_Angeles]]> but was:<GJChronology[[UTC]]>^org.junit.ComparisonFailure: expected:<GJChronology[[America/Los_Angeles,cutover=2014-02-14T08:00:00.000Z]]> but was:<GJChronology[[UTC,cutover=2014-02-14]]>^|,java.lang.AssertionError: Expecting exception: IllegalArgumentException^,|java.lang.AssertionError: expected:<-12093984422000> but was:<-12093062400000>	at sun.reflect.NativeMethodAccessorImpl.invoke0(Native Method)java.lang.AssertionError: expected:<-12219350822000> but was:<-12219292800000>	at sun.reflect.NativeMethodAccessorImpl.invoke0(Native Method)java.lang.ClassCastException: org.joda.time.tz.FixedDateTimeZone cannot be cast to org.joda.time.tz.CachedDateTimeZone	at sun.reflect.NativeMethodAccessorImpl.invoke0(Native Method)java.lang.AssertionError: Expecting exception: IllegalArgumentException	at sun.reflect.NativeMethodAccessorImpl.invoke0(Native Method)java.lang.ClassCastException: org.joda.time.chrono.GJChronology$ImpreciseCutoverField cannot be cast to org.joda.time.chrono.ZonedChronology$ZonedDateTimeField	at sun.reflect.NativeMethodAccessorImpl.invoke0(Native Method)java.lang.AssertionError: expected:<-30164112422000> but was:<-30164140800000>	at sun.reflect.NativeMethodAccessorImpl.invoke0(Native Method)java.lang.AssertionError: expected:<609386876019> but was:<609448076019>	at sun.reflect.NativeMethodAccessorImpl.invoke0(Native Method)java.lang.AssertionError: expected:<1392364800000> but was:<1392336000000>	at sun.reflect.NativeMethodAccessorImpl.invoke0(Native Method)org.junit.ComparisonFailure: expected:<GJChronology[[America/Los_Angeles]]> but was:<GJChronology[[UTC]]>	at sun.reflect.NativeMethodAccessorImpl.invoke0(Native Method)org.junit.ComparisonFailure: expected:<GJChronology[[America/Los_Angeles,cutover=2014-02-14T08:00:00.000Z]]> but was:<GJChronology[[UTC,cutover=2014-02-14]]>	at sun.reflect.NativeMethodAccessorImpl.invoke0(Native Method)java.lang.ClassCastException: org.joda.time.chrono.GJChronology$ImpreciseCutoverField cannot be cast to org.joda.time.chrono.ZonedChronology$ZonedDateTimeField	at sun.reflect.NativeMethodAccessorImpl.invoke0(Native Method)java.lang.ClassCastException: org.joda.time.field.PreciseDurationField cannot be cast to org.joda.time.chrono.ZonedChronology$ZonedDurationField	at sun.reflect.NativeMethodAccessorImpl.invoke0(Native Method)java.lang.ClassCastException: org.joda.time.chrono.GJChronology$ImpreciseCutoverField cannot be cast to org.joda.time.chrono.ZonedChronology$ZonedDateTimeField	at sun.reflect.NativeMethodAccessorImpl.invoke0(Native Method)java.lang.AssertionError: expected:<-62067398821997> but was:<-62067427199997>	at sun.reflect.NativeMethodAccessorImpl.invoke0(Native Method)java.lang.ClassCastException: org.joda.time.field.PreciseDurationField cannot be cast to org.joda.time.chrono.ZonedChronology$ZonedDurationField	at sun.reflect.NativeMethodAccessorImpl.invoke0(Native Method)|
/home/hungnh/Thanh/TSE_submission/data/evaluation_raw/Patch186,Time,18,2019_Evosuite,8,30, 8,1.124,1) test28(org.joda.time.chrono.GJChronology_ESTest)	at org.joda.time.chrono.GJChronology_ESTest.test28(GJChronology_ESTest.java:349)2) test09(org.joda.time.chrono.GJChronology_ESTest)	at org.joda.time.chrono.GJChronology_ESTest.test09(GJChronology_ESTest.java:145)3) test21(org.joda.time.chrono.GJChronology_ESTest)	at org.joda.time.chrono.GJChronology_ESTest.test21(GJChronology_ESTest.java:273)4) test23(org.joda.time.chrono.GJChronology_ESTest)	at org.joda.time.chrono.GJChronology_ESTest.test23(GJChronology_ESTest.java:303)5) test25(org.joda.time.chrono.GJChronology_ESTest)	at org.joda.time.chrono.GJChronology_ESTest.test25(GJChronology_ESTest.java:320)6) test26(org.joda.time.chrono.GJChronology_ESTest)	at org.joda.time.chrono.GJChronology_ESTest.test26(GJChronology_ESTest.java:328)7) test18(org.joda.time.chrono.GJChronology_ESTest)	at org.joda.time.chrono.GJChronology_ESTest.test18(GJChronology_ESTest.java:247)8) test13(org.joda.time.chrono.GJChronology_ESTest)	at org.joda.time.chrono.GJChronology_ESTest.test13(GJChronology_ESTest.java:190),org.junit.ComparisonFailure: expected:<GJChronology[[America/Los_Angeles]]> but was:<GJChronology[[UTC]]>^,,java.lang.AssertionError: expected:<21077999999> but was:<21081599999>	at sun.reflect.NativeMethodAccessorImpl.invoke0(Native Method)java.lang.AssertionError: expected:<-23477731622000> but was:<-23477731200000>	at sun.reflect.NativeMethodAccessorImpl.invoke0(Native Method)java.lang.AssertionError: expected:<1969> but was:<1970>	at sun.reflect.NativeMethodAccessorImpl.invoke0(Native Method)java.lang.AssertionError: expected:<28800000> but was:<2678400000>	at sun.reflect.NativeMethodAccessorImpl.invoke0(Native Method)arrays first differed at element [5]; expected:<14> but was:<21>	at sun.reflect.NativeMethodAccessorImpl.invoke0(Native Method)arrays first differed at element [4]; expected:<-8> but was:<-9>	at sun.reflect.NativeMethodAccessorImpl.invoke0(Native Method)org.junit.ComparisonFailure: expected:<GJChronology[[America/Los_Angeles]]> but was:<GJChronology[[UTC]]>	at sun.reflect.NativeMethodAccessorImpl.invoke0(Native Method)java.lang.AssertionError: expected not same	at sun.reflect.NativeMethodAccessorImpl.invoke0(Native Method)
/home/hungnh/Thanh/TSE_submission/data/evaluation_raw/Patch186,Time,18,2019_Evosuite,9,32, 16,1.044,1) test06(org.joda.time.chrono.GJChronology_ESTest)	at org.joda.time.chrono.GJChronology_ESTest.test06(GJChronology_ESTest.java:110)2) test28(org.joda.time.chrono.GJChronology_ESTest)	at org.joda.time.chrono.GJChronology_ESTest.test28(GJChronology_ESTest.java:336)3) test29(org.joda.time.chrono.GJChronology_ESTest)	at org.joda.time.chrono.GJChronology_ESTest.test29(GJChronology_ESTest.java:346)4) test08(org.joda.time.chrono.GJChronology_ESTest)	at org.joda.time.chrono.GJChronology_ESTest.test08(GJChronology_ESTest.java:130)5) test09(org.joda.time.chrono.GJChronology_ESTest)	at org.joda.time.chrono.GJChronology_ESTest.test09(GJChronology_ESTest.java:135)6) test22(org.joda.time.chrono.GJChronology_ESTest)	at org.joda.time.chrono.GJChronology_ESTest.test22(GJChronology_ESTest.java:268)7) test23(org.joda.time.chrono.GJChronology_ESTest)	at org.joda.time.chrono.GJChronology_ESTest.test23(GJChronology_ESTest.java:279)8) test26(org.joda.time.chrono.GJChronology_ESTest)	at org.joda.time.chrono.GJChronology_ESTest.test26(GJChronology_ESTest.java:317)9) test05(org.joda.time.chrono.GJChronology_ESTest)	at org.joda.time.chrono.GJChronology_ESTest.test05(GJChronology_ESTest.java:102)10) test27(org.joda.time.chrono.GJChronology_ESTest)	at org.joda.time.chrono.GJChronology_ESTest.test27(GJChronology_ESTest.java:326)11) test17(org.joda.time.chrono.GJChronology_ESTest)	at org.joda.time.chrono.GJChronology_ESTest.test17(GJChronology_ESTest.java:223)12) test18(org.joda.time.chrono.GJChronology_ESTest)	at org.joda.time.chrono.GJChronology_ESTest.test18(GJChronology_ESTest.java:230)13) test31(org.joda.time.chrono.GJChronology_ESTest)	at org.joda.time.chrono.GJChronology_ESTest.test31(GJChronology_ESTest.java:363)14) test11(org.joda.time.chrono.GJChronology_ESTest)	at org.joda.time.chrono.GJChronology_ESTest.test11(GJChronology_ESTest.java:157)15) test14(org.joda.time.chrono.GJChronology_ESTest)	at org.joda.time.chrono.GJChronology_ESTest.test14(GJChronology_ESTest.java:198)16) test15(org.joda.time.chrono.GJChronology_ESTest)	at org.joda.time.chrono.GJChronology_ESTest.test15(GJChronology_ESTest.java:203),|org.junit.ComparisonFailure: expected:<GJChronology[[America/Los_Angeles],cutover=2014-02-14T...> but was:<GJChronology[[UTC],cutover=2014-02-14T...>^org.junit.ComparisonFailure: expected:<GJChronology[[America/Los_Angeles],cutover=1970-01-01T...> but was:<GJChronology[[UTC],cutover=1970-01-01T...>^|,java.lang.AssertionError: Expecting exception: IllegalArgumentException^,|java.lang.IllegalArgumentException: Must supply a chronology	at sun.reflect.NativeMethodAccessorImpl.invoke0(Native Method)arrays first differed at element [1]; expected:<-1> but was:<0>	at sun.reflect.NativeMethodAccessorImpl.invoke0(Native Method)arrays first differed at element [2]; expected:<3> but was:<2>	at sun.reflect.NativeMethodAccessorImpl.invoke0(Native Method)java.lang.AssertionError: expected:<-18442642786725772> but was:<-18442642786303772>	at sun.reflect.NativeMethodAccessorImpl.invoke0(Native Method)java.lang.ClassCastException: org.joda.time.tz.FixedDateTimeZone cannot be cast to org.joda.time.tz.CachedDateTimeZone	at sun.reflect.NativeMethodAccessorImpl.invoke0(Native Method)java.lang.AssertionError: expected:<1392422822000> but was:<1392336000000>	at sun.reflect.NativeMethodAccessorImpl.invoke0(Native Method)java.lang.AssertionError: Expecting exception: IllegalArgumentException	at sun.reflect.NativeMethodAccessorImpl.invoke0(Native Method)java.lang.ClassCastException: org.joda.time.chrono.GJChronology$CutoverField cannot be cast to org.joda.time.chrono.ZonedChronology$ZonedDateTimeField	at sun.reflect.NativeMethodAccessorImpl.invoke0(Native Method)java.lang.AssertionError: expected:<213393997868400000> but was:<213393997843200000>	at sun.reflect.NativeMethodAccessorImpl.invoke0(Native Method)java.lang.ClassCastException: org.joda.time.chrono.GJChronology$CutoverField cannot be cast to org.joda.time.chrono.ZonedChronology$ZonedDateTimeField	at sun.reflect.NativeMethodAccessorImpl.invoke0(Native Method)org.junit.ComparisonFailure: expected:<GJChronology[[America/Los_Angeles],cutover=2014-02-14T...> but was:<GJChronology[[UTC],cutover=2014-02-14T...>	at sun.reflect.NativeMethodAccessorImpl.invoke0(Native Method)org.junit.ComparisonFailure: expected:<GJChronology[[America/Los_Angeles],cutover=1970-01-01T...> but was:<GJChronology[[UTC],cutover=1970-01-01T...>	at sun.reflect.NativeMethodAccessorImpl.invoke0(Native Method)java.lang.AssertionError: expected:<-19528796830037811> but was:<-19528796829615811>	at sun.reflect.NativeMethodAccessorImpl.invoke0(Native Method)java.lang.ClassCastException: org.joda.time.tz.FixedDateTimeZone cannot be cast to org.joda.time.tz.CachedDateTimeZone	at sun.reflect.NativeMethodAccessorImpl.invoke0(Native Method)java.lang.AssertionError: expected:<-57600000> but was:<-86400000>	at sun.reflect.NativeMethodAccessorImpl.invoke0(Native Method)java.lang.ClassCastException: org.joda.time.tz.FixedDateTimeZone cannot be cast to org.joda.time.tz.CachedDateTimeZone	at sun.reflect.NativeMethodAccessorImpl.invoke0(Native Method)|
/home/hungnh/Thanh/TSE_submission/data/evaluation_raw/Patch186,Time,18,2019_Evosuite,10,32, 4,1.142,1) test04(org.joda.time.chrono.GJChronology_ESTest)	at org.joda.time.chrono.GJChronology_ESTest.test04(GJChronology_ESTest.java:83)2) test17(org.joda.time.chrono.GJChronology_ESTest)	at org.joda.time.chrono.GJChronology_ESTest.test17(GJChronology_ESTest.java:215)3) test12(org.joda.time.chrono.GJChronology_ESTest)	at org.joda.time.chrono.GJChronology_ESTest.test12(GJChronology_ESTest.java:162)4) test16(org.joda.time.chrono.GJChronology_ESTest)	at org.joda.time.chrono.GJChronology_ESTest.test16(GJChronology_ESTest.java:206),,,java.lang.ClassCastException: org.joda.time.chrono.GJChronology$ImpreciseCutoverField cannot be cast to org.joda.time.chrono.ZonedChronology$ZonedDateTimeField	at sun.reflect.NativeMethodAccessorImpl.invoke0(Native Method)java.lang.AssertionError: expected:<28800000> but was:<0>	at sun.reflect.NativeMethodAccessorImpl.invoke0(Native Method)java.lang.AssertionError: expected:<-25881091621998> but was:<-25881119999998>	at sun.reflect.NativeMethodAccessorImpl.invoke0(Native Method)java.lang.AssertionError: expected:<28800000> but was:<0>	at sun.reflect.NativeMethodAccessorImpl.invoke0(Native Method)
/home/hungnh/Thanh/TSE_submission/data/evaluation_raw/Patch186,Time,18,2019_Evosuite,11,37, 9,1.163,1) test22(org.joda.time.chrono.GJChronology_ESTest)	at org.joda.time.chrono.GJChronology_ESTest.test22(GJChronology_ESTest.java:281)2) test02(org.joda.time.chrono.GJChronology_ESTest)	at org.joda.time.chrono.GJChronology_ESTest.test02(GJChronology_ESTest.java:78)3) test24(org.joda.time.chrono.GJChronology_ESTest)	at org.joda.time.chrono.GJChronology_ESTest.test24(GJChronology_ESTest.java:297)4) test03(org.joda.time.chrono.GJChronology_ESTest)	at org.joda.time.chrono.GJChronology_ESTest.test03(GJChronology_ESTest.java:87)5) test32(org.joda.time.chrono.GJChronology_ESTest)	at org.joda.time.chrono.GJChronology_ESTest.test32(GJChronology_ESTest.java:395)6) test11(org.joda.time.chrono.GJChronology_ESTest)	at org.joda.time.chrono.GJChronology_ESTest.test11(GJChronology_ESTest.java:157)7) test12(org.joda.time.chrono.GJChronology_ESTest)	at org.joda.time.chrono.GJChronology_ESTest.test12(GJChronology_ESTest.java:163)8) test34(org.joda.time.chrono.GJChronology_ESTest)	at org.joda.time.chrono.GJChronology_ESTest.test34(GJChronology_ESTest.java:413)9) test14(org.joda.time.chrono.GJChronology_ESTest)	at org.joda.time.chrono.GJChronology_ESTest.test14(GJChronology_ESTest.java:180),|org.junit.ComparisonFailure: expected:<GJChronology[[America/Los_Angeles,cutover=2014-02-15]T00:00:00.001Z,mdfw=...> but was:<GJChronology[[UTC,cutover=2014-02-14]T00:00:00.001Z,mdfw=...>^|,,|java.lang.AssertionError: expected:<-61827343011959> but was:<-61827371389959>	at sun.reflect.NativeMethodAccessorImpl.invoke0(Native Method)java.lang.AssertionError: expected:<134995676720398> but was:<134996543898398>	at sun.reflect.NativeMethodAccessorImpl.invoke0(Native Method)org.junit.ComparisonFailure: expected:<GJChronology[[America/Los_Angeles,cutover=2014-02-15]T00:00:00.001Z,mdfw=...> but was:<GJChronology[[UTC,cutover=2014-02-14]T00:00:00.001Z,mdfw=...>	at sun.reflect.NativeMethodAccessorImpl.invoke0(Native Method)java.lang.AssertionError: expected:<-10925992274484230> but was:<-10925992274062230>	at sun.reflect.NativeMethodAccessorImpl.invoke0(Native Method)java.lang.AssertionError: expected:<99993600000> but was:<99964800000>	at sun.reflect.NativeMethodAccessorImpl.invoke0(Native Method)java.lang.AssertionError: expected:<8640001420066800000> but was:<8640001420070400000>	at sun.reflect.NativeMethodAccessorImpl.invoke0(Native Method)java.lang.ClassCastException: org.joda.time.chrono.GJChronology$CutoverField cannot be cast to org.joda.time.chrono.ZonedChronology$ZonedDateTimeField	at sun.reflect.NativeMethodAccessorImpl.invoke0(Native Method)java.lang.AssertionError: expected:<-279412243301602> but was:<-279379756901602>	at sun.reflect.NativeMethodAccessorImpl.invoke0(Native Method)java.lang.ClassCastException: org.joda.time.tz.FixedDateTimeZone cannot be cast to org.joda.time.tz.CachedDateTimeZone	at sun.reflect.NativeMethodAccessorImpl.invoke0(Native Method)|
/home/hungnh/Thanh/TSE_submission/data/evaluation_raw/Patch186,Time,18,2019_Evosuite,12,32, 8,1.089,1) test07(org.joda.time.chrono.GJChronology_ESTest)	at org.joda.time.chrono.GJChronology_ESTest.test07(GJChronology_ESTest.java:99)2) test08(org.joda.time.chrono.GJChronology_ESTest)	at org.joda.time.chrono.GJChronology_ESTest.test08(GJChronology_ESTest.java:104)3) test21(org.joda.time.chrono.GJChronology_ESTest)	at org.joda.time.chrono.GJChronology_ESTest.test21(GJChronology_ESTest.java:248)4) test24(org.joda.time.chrono.GJChronology_ESTest)	at org.joda.time.chrono.GJChronology_ESTest.test24(GJChronology_ESTest.java:282)5) test17(org.joda.time.chrono.GJChronology_ESTest)	at org.joda.time.chrono.GJChronology_ESTest.test17(GJChronology_ESTest.java:216)6) test18(org.joda.time.chrono.GJChronology_ESTest)	at org.joda.time.chrono.GJChronology_ESTest.test18(GJChronology_ESTest.java:224)7) test10(org.joda.time.chrono.GJChronology_ESTest)	at org.joda.time.chrono.GJChronology_ESTest.test10(GJChronology_ESTest.java:136)8) test13(org.joda.time.chrono.GJChronology_ESTest)	at org.joda.time.chrono.GJChronology_ESTest.test13(GJChronology_ESTest.java:165),|org.junit.ComparisonFailure: expected:<GJChronology[[America/Los_Angeles],cutover=1969-12-31]> but was:<GJChronology[[UTC],cutover=1969-12-31]>^|,,|java.lang.AssertionError: expected:<-61410010022167> but was:<-61410009600167>	at sun.reflect.NativeMethodAccessorImpl.invoke0(Native Method)java.lang.ClassCastException: org.joda.time.tz.FixedDateTimeZone cannot be cast to org.joda.time.tz.CachedDateTimeZone	at sun.reflect.NativeMethodAccessorImpl.invoke0(Native Method)org.junit.ComparisonFailure: expected:<GJChronology[[America/Los_Angeles],cutover=1969-12-31]> but was:<GJChronology[[UTC],cutover=1969-12-31]>	at sun.reflect.NativeMethodAccessorImpl.invoke0(Native Method)java.lang.AssertionError: expected:<1392969600000> but was:<1392940800000>	at sun.reflect.NativeMethodAccessorImpl.invoke0(Native Method)java.lang.AssertionError: expected:<28800000> but was:<0>	at sun.reflect.NativeMethodAccessorImpl.invoke0(Native Method)java.lang.AssertionError: expected:<-79207171622000> but was:<-79207200000000>	at sun.reflect.NativeMethodAccessorImpl.invoke0(Native Method)java.lang.AssertionError: expected not same	at sun.reflect.NativeMethodAccessorImpl.invoke0(Native Method)java.lang.AssertionError: expected:<1393660800000> but was:<1393632000000>	at sun.reflect.NativeMethodAccessorImpl.invoke0(Native Method)|
/home/hungnh/Thanh/TSE_submission/data/evaluation_raw/Patch186,Time,18,2019_Evosuite,13,26, 11,0.988,1) test07(org.joda.time.chrono.GJChronology_ESTest)	at org.joda.time.chrono.GJChronology_ESTest.test07(GJChronology_ESTest.java:112)2) test23(org.joda.time.chrono.GJChronology_ESTest)	at org.joda.time.chrono.GJChronology_ESTest.test23(GJChronology_ESTest.java:294)3) test24(org.joda.time.chrono.GJChronology_ESTest)	at org.joda.time.chrono.GJChronology_ESTest.test24(GJChronology_ESTest.java:300)4) test03(org.joda.time.chrono.GJChronology_ESTest)	at org.joda.time.chrono.GJChronology_ESTest.test03(GJChronology_ESTest.java:71)5) test25(org.joda.time.chrono.GJChronology_ESTest)	at org.joda.time.chrono.GJChronology_ESTest.test25(GJChronology_ESTest.java:312)6) test05(org.joda.time.chrono.GJChronology_ESTest)	at org.joda.time.chrono.GJChronology_ESTest.test05(GJChronology_ESTest.java:92)7) test10(org.joda.time.chrono.GJChronology_ESTest)	at org.joda.time.chrono.GJChronology_ESTest.test10(GJChronology_ESTest.java:146)8) test11(org.joda.time.chrono.GJChronology_ESTest)	at org.joda.time.chrono.GJChronology_ESTest.test11(GJChronology_ESTest.java:151)9) test14(org.joda.time.chrono.GJChronology_ESTest)	at org.joda.time.chrono.GJChronology_ESTest.test14(GJChronology_ESTest.java:194)10) test15(org.joda.time.chrono.GJChronology_ESTest)	at org.joda.time.chrono.GJChronology_ESTest.test15(GJChronology_ESTest.java:201)11) test16(org.joda.time.chrono.GJChronology_ESTest)	at org.joda.time.chrono.GJChronology_ESTest.test16(GJChronology_ESTest.java:210),|org.junit.ComparisonFailure: expected:<GJChronology[[America/Los_Angeles]]> but was:<GJChronology[[UTC]]>^org.junit.ComparisonFailure: expected:<...C,cutover=2014-02-14[T08:00:00.000Z]]> but was:<...C,cutover=2014-02-14[]]>^|,,|java.lang.ClassCastException: org.joda.time.tz.FixedDateTimeZone cannot be cast to org.joda.time.tz.CachedDateTimeZone	at sun.reflect.NativeMethodAccessorImpl.invoke0(Native Method)arrays first differed at element [0]; expected:<61139> but was:<61140>	at sun.reflect.NativeMethodAccessorImpl.invoke0(Native Method)java.lang.ClassCastException: org.joda.time.tz.FixedDateTimeZone cannot be cast to org.joda.time.tz.CachedDateTimeZone	at sun.reflect.NativeMethodAccessorImpl.invoke0(Native Method)java.lang.ClassCastException: org.joda.time.tz.FixedDateTimeZone cannot be cast to org.joda.time.tz.CachedDateTimeZone	at sun.reflect.NativeMethodAccessorImpl.invoke0(Native Method)java.lang.AssertionError: expected:<14430720902413040> but was:<14429847331975040>	at sun.reflect.NativeMethodAccessorImpl.invoke0(Native Method)java.lang.AssertionError: expected:<-133174581667200000> but was:<-133209285350400000>	at sun.reflect.NativeMethodAccessorImpl.invoke0(Native Method)java.lang.AssertionError: expected:<1393660800000> but was:<1393632000000>	at sun.reflect.NativeMethodAccessorImpl.invoke0(Native Method)java.lang.ClassCastException: org.joda.time.tz.FixedDateTimeZone cannot be cast to org.joda.time.tz.CachedDateTimeZone	at sun.reflect.NativeMethodAccessorImpl.invoke0(Native Method)java.lang.AssertionError: expected:<-61563505662981> but was:<-61563534040981>	at sun.reflect.NativeMethodAccessorImpl.invoke0(Native Method)org.junit.ComparisonFailure: expected:<GJChronology[[America/Los_Angeles]]> but was:<GJChronology[[UTC]]>	at sun.reflect.NativeMethodAccessorImpl.invoke0(Native Method)org.junit.ComparisonFailure: expected:<...C,cutover=2014-02-14[T08:00:00.000Z]]> but was:<...C,cutover=2014-02-14[]]>	at sun.reflect.NativeMethodAccessorImpl.invoke0(Native Method)|
/home/hungnh/Thanh/TSE_submission/data/evaluation_raw/Patch186,Time,18,2019_Evosuite,14,30, 8,1.121,1) test09(org.joda.time.chrono.GJChronology_ESTest)	at org.joda.time.chrono.GJChronology_ESTest.test09(GJChronology_ESTest.java:135)2) test20(org.joda.time.chrono.GJChronology_ESTest)	at org.joda.time.chrono.GJChronology_ESTest.test20(GJChronology_ESTest.java:257)3) test03(org.joda.time.chrono.GJChronology_ESTest)	at org.joda.time.chrono.GJChronology_ESTest.test03(GJChronology_ESTest.java:78)4) test26(org.joda.time.chrono.GJChronology_ESTest)	at org.joda.time.chrono.GJChronology_ESTest.test26(GJChronology_ESTest.java:312)5) test27(org.joda.time.chrono.GJChronology_ESTest)	at org.joda.time.chrono.GJChronology_ESTest.test27(GJChronology_ESTest.java:320)6) test19(org.joda.time.chrono.GJChronology_ESTest)	at org.joda.time.chrono.GJChronology_ESTest.test19(GJChronology_ESTest.java:247)7) test10(org.joda.time.chrono.GJChronology_ESTest)	at org.joda.time.chrono.GJChronology_ESTest.test10(GJChronology_ESTest.java:143)8) test14(org.joda.time.chrono.GJChronology_ESTest)	at org.joda.time.chrono.GJChronology_ESTest.test14(GJChronology_ESTest.java:191),|org.junit.ComparisonFailure: expected:<GJChronology[[America/Los_Angeles,cutover=2014-02-14T08:00:00.000Z],mdfw=1]> but was:<GJChronology[[UTC,cutover=2014-02-14],mdfw=1]>^org.junit.ComparisonFailure: expected:<GJChronology[[America/Los_Angeles]]> but was:<GJChronology[[UTC]]>^|,,|java.lang.AssertionError: expected:<1393660800000> but was:<1393632000000>	at sun.reflect.NativeMethodAccessorImpl.invoke0(Native Method)org.junit.ComparisonFailure: expected:<GJChronology[[America/Los_Angeles,cutover=2014-02-14T08:00:00.000Z],mdfw=1]> but was:<GJChronology[[UTC,cutover=2014-02-14],mdfw=1]>	at sun.reflect.NativeMethodAccessorImpl.invoke0(Native Method)arrays first differed at element [5]; expected:<-52> but was:<-59>	at sun.reflect.NativeMethodAccessorImpl.invoke0(Native Method)java.lang.AssertionError: expected:<6917323476496446058> but was:<6917323476499624058>	at sun.reflect.NativeMethodAccessorImpl.invoke0(Native Method)java.lang.AssertionError: expected:<200805760882802045> but was:<200805760886402045>	at sun.reflect.NativeMethodAccessorImpl.invoke0(Native Method)org.junit.ComparisonFailure: expected:<GJChronology[[America/Los_Angeles]]> but was:<GJChronology[[UTC]]>	at sun.reflect.NativeMethodAccessorImpl.invoke0(Native Method)java.lang.AssertionError: expected:<-31740682019939> but was:<-31740681597939>	at sun.reflect.NativeMethodAccessorImpl.invoke0(Native Method)java.lang.AssertionError: expected:<-62135741221999> but was:<-62135769599999>	at sun.reflect.NativeMethodAccessorImpl.invoke0(Native Method)|
/home/hungnh/Thanh/TSE_submission/data/evaluation_raw/Patch186,Time,18,2019_Evosuite,15,29, 6,1.044,1) test28(org.joda.time.chrono.GJChronology_ESTest)	at org.joda.time.chrono.GJChronology_ESTest.test28(GJChronology_ESTest.java:312)2) test07(org.joda.time.chrono.GJChronology_ESTest)	at org.joda.time.chrono.GJChronology_ESTest.test07(GJChronology_ESTest.java:108)3) test27(org.joda.time.chrono.GJChronology_ESTest)	at org.joda.time.chrono.GJChronology_ESTest.test27(GJChronology_ESTest.java:302)4) test17(org.joda.time.chrono.GJChronology_ESTest)	at org.joda.time.chrono.GJChronology_ESTest.test17(GJChronology_ESTest.java:212)5) test11(org.joda.time.chrono.GJChronology_ESTest)	at org.joda.time.chrono.GJChronology_ESTest.test11(GJChronology_ESTest.java:148)6) test12(org.joda.time.chrono.GJChronology_ESTest)	at org.joda.time.chrono.GJChronology_ESTest.test12(GJChronology_ESTest.java:155),,,java.lang.AssertionError: expected:<-66698827262000> but was:<-66698855640000>	at sun.reflect.NativeMethodAccessorImpl.invoke0(Native Method)java.lang.ClassCastException: org.joda.time.tz.FixedDateTimeZone cannot be cast to org.joda.time.tz.CachedDateTimeZone	at sun.reflect.NativeMethodAccessorImpl.invoke0(Native Method)java.lang.AssertionError: expected:<10203317999988> but was:<10203321599988>	at sun.reflect.NativeMethodAccessorImpl.invoke0(Native Method)java.lang.AssertionError: expected:<-57600000> but was:<0>	at sun.reflect.NativeMethodAccessorImpl.invoke0(Native Method)java.lang.AssertionError: expected not same	at sun.reflect.NativeMethodAccessorImpl.invoke0(Native Method)java.lang.AssertionError: expected:<-68531242021995> but was:<-68531270399995>	at sun.reflect.NativeMethodAccessorImpl.invoke0(Native Method)
/home/hungnh/Thanh/TSE_submission/data/evaluation_raw/Patch186,Time,18,2019_Evosuite,16,32, 9,1.101,1) test20(org.joda.time.chrono.GJChronology_ESTest)	at org.joda.time.chrono.GJChronology_ESTest.test20(GJChronology_ESTest.java:235)2) test21(org.joda.time.chrono.GJChronology_ESTest)	at org.joda.time.chrono.GJChronology_ESTest.test21(GJChronology_ESTest.java:248)3) test01(org.joda.time.chrono.GJChronology_ESTest)	at org.joda.time.chrono.GJChronology_ESTest.test01(GJChronology_ESTest.java:58)4) test23(org.joda.time.chrono.GJChronology_ESTest)	at org.joda.time.chrono.GJChronology_ESTest.test23(GJChronology_ESTest.java:276)5) test27(org.joda.time.chrono.GJChronology_ESTest)	at org.joda.time.chrono.GJChronology_ESTest.test27(GJChronology_ESTest.java:309)6) test17(org.joda.time.chrono.GJChronology_ESTest)	at org.joda.time.chrono.GJChronology_ESTest.test17(GJChronology_ESTest.java:214)7) test19(org.joda.time.chrono.GJChronology_ESTest)	at org.joda.time.chrono.GJChronology_ESTest.test19(GJChronology_ESTest.java:226)8) test13(org.joda.time.chrono.GJChronology_ESTest)	at org.joda.time.chrono.GJChronology_ESTest.test13(GJChronology_ESTest.java:169)9) test16(org.joda.time.chrono.GJChronology_ESTest)	at org.joda.time.chrono.GJChronology_ESTest.test16(GJChronology_ESTest.java:207),,,java.lang.ClassCastException: org.joda.time.tz.FixedDateTimeZone cannot be cast to org.joda.time.tz.CachedDateTimeZone	at sun.reflect.NativeMethodAccessorImpl.invoke0(Native Method)java.lang.NullPointerException	at sun.reflect.NativeMethodAccessorImpl.invoke0(Native Method)java.lang.ClassCastException: org.joda.time.tz.FixedDateTimeZone cannot be cast to org.joda.time.tz.CachedDateTimeZone	at sun.reflect.NativeMethodAccessorImpl.invoke0(Native Method)java.lang.AssertionError: expected:<285175807> but was:<1408375807>	at sun.reflect.NativeMethodAccessorImpl.invoke0(Native Method)java.lang.ClassCastException: org.joda.time.tz.FixedDateTimeZone cannot be cast to org.joda.time.tz.CachedDateTimeZone	at sun.reflect.NativeMethodAccessorImpl.invoke0(Native Method)java.lang.AssertionError: expected:<-62135701532999> but was:<-62135729910999>	at sun.reflect.NativeMethodAccessorImpl.invoke0(Native Method)java.lang.ClassCastException: org.joda.time.tz.FixedDateTimeZone cannot be cast to org.joda.time.tz.CachedDateTimeZone	at sun.reflect.NativeMethodAccessorImpl.invoke0(Native Method)java.lang.AssertionError: expected:<2707200000> but was:<2678400000>	at sun.reflect.NativeMethodAccessorImpl.invoke0(Native Method)java.lang.AssertionError: expected:<28794689> but was:<-5311>	at sun.reflect.NativeMethodAccessorImpl.invoke0(Native Method)
/home/hungnh/Thanh/TSE_submission/data/evaluation_raw/Patch186,Time,18,2019_Evosuite,17,31, 6,1.041,1) test09(org.joda.time.chrono.GJChronology_ESTest)	at org.joda.time.chrono.GJChronology_ESTest.test09(GJChronology_ESTest.java:132)2) test23(org.joda.time.chrono.GJChronology_ESTest)	at org.joda.time.chrono.GJChronology_ESTest.test23(GJChronology_ESTest.java:272)3) test02(org.joda.time.chrono.GJChronology_ESTest)	at org.joda.time.chrono.GJChronology_ESTest.test02(GJChronology_ESTest.java:66)4) test26(org.joda.time.chrono.GJChronology_ESTest)	at org.joda.time.chrono.GJChronology_ESTest.test26(GJChronology_ESTest.java:293)5) test27(org.joda.time.chrono.GJChronology_ESTest)	at org.joda.time.chrono.GJChronology_ESTest.test27(GJChronology_ESTest.java:304)6) test14(org.joda.time.chrono.GJChronology_ESTest)	at org.joda.time.chrono.GJChronology_ESTest.test14(GJChronology_ESTest.java:190),,,java.lang.AssertionError: expected:<-62033011621996> but was:<-62033039999996>	at sun.reflect.NativeMethodAccessorImpl.invoke0(Native Method)java.lang.AssertionError: expected:<-79204493222000> but was:<-79204521600000>	at sun.reflect.NativeMethodAccessorImpl.invoke0(Native Method)java.lang.ClassCastException: org.joda.time.field.PreciseDurationField cannot be cast to org.joda.time.chrono.ZonedChronology$ZonedDurationField	at sun.reflect.NativeMethodAccessorImpl.invoke0(Native Method)java.lang.ClassCastException: org.joda.time.tz.FixedDateTimeZone cannot be cast to org.joda.time.tz.CachedDateTimeZone	at sun.reflect.NativeMethodAccessorImpl.invoke0(Native Method)java.lang.ClassCastException: org.joda.time.tz.FixedDateTimeZone cannot be cast to org.joda.time.tz.CachedDateTimeZone	at sun.reflect.NativeMethodAccessorImpl.invoke0(Native Method)java.lang.ClassCastException: org.joda.time.tz.FixedDateTimeZone cannot be cast to org.joda.time.tz.CachedDateTimeZone	at sun.reflect.NativeMethodAccessorImpl.invoke0(Native Method)
/home/hungnh/Thanh/TSE_submission/data/evaluation_raw/Patch186,Time,18,2019_Evosuite,18,27, 10,1.098,1) test20(org.joda.time.chrono.GJChronology_ESTest)	at org.joda.time.chrono.GJChronology_ESTest.test20(GJChronology_ESTest.java:222)2) test21(org.joda.time.chrono.GJChronology_ESTest)	at org.joda.time.chrono.GJChronology_ESTest.test21(GJChronology_ESTest.java:227)3) test02(org.joda.time.chrono.GJChronology_ESTest)	at org.joda.time.chrono.GJChronology_ESTest.test02(GJChronology_ESTest.java:62)4) test24(org.joda.time.chrono.GJChronology_ESTest)	at org.joda.time.chrono.GJChronology_ESTest.test24(GJChronology_ESTest.java:255)5) test17(org.joda.time.chrono.GJChronology_ESTest)	at org.joda.time.chrono.GJChronology_ESTest.test17(GJChronology_ESTest.java:197)6) test18(org.joda.time.chrono.GJChronology_ESTest)	at org.joda.time.chrono.GJChronology_ESTest.test18(GJChronology_ESTest.java:204)7) test12(org.joda.time.chrono.GJChronology_ESTest)	at org.joda.time.chrono.GJChronology_ESTest.test12(GJChronology_ESTest.java:154)8) test13(org.joda.time.chrono.GJChronology_ESTest)	at org.joda.time.chrono.GJChronology_ESTest.test13(GJChronology_ESTest.java:162)9) test15(org.joda.time.chrono.GJChronology_ESTest)	at org.joda.time.chrono.GJChronology_ESTest.test15(GJChronology_ESTest.java:183)10) test16(org.joda.time.chrono.GJChronology_ESTest)	at org.joda.time.chrono.GJChronology_ESTest.test16(GJChronology_ESTest.java:190),|org.junit.ComparisonFailure: expected:<GJChronology[[America/Los_Angeles],cutover=1970-09-11,...> but was:<GJChronology[[UTC],cutover=1970-09-11,...>^org.junit.ComparisonFailure: expected:<GJChronology[[America/Los_Angeles],cutover=1969-12-31T...> but was:<GJChronology[[UTC],cutover=1969-12-31T...>^org.junit.ComparisonFailure: expected:<GJChronology[[America/Los_Angeles]]> but was:<GJChronology[[UTC]]>^|,,|java.lang.AssertionError: expected:<1392422823352> but was:<1392336001352>	at sun.reflect.NativeMethodAccessorImpl.invoke0(Native Method)java.lang.ClassCastException: org.joda.time.tz.FixedDateTimeZone cannot be cast to org.joda.time.tz.CachedDateTimeZone	at sun.reflect.NativeMethodAccessorImpl.invoke0(Native Method)java.lang.AssertionError: expected:<-138631392420443> but was:<-138631391998443>	at sun.reflect.NativeMethodAccessorImpl.invoke0(Native Method)java.lang.AssertionError: expected:<-8882956800000> but was:<-8882092800000>	at sun.reflect.NativeMethodAccessorImpl.invoke0(Native Method)org.junit.ComparisonFailure: expected:<GJChronology[[America/Los_Angeles],cutover=1970-09-11,...> but was:<GJChronology[[UTC],cutover=1970-09-11,...>	at sun.reflect.NativeMethodAccessorImpl.invoke0(Native Method)org.junit.ComparisonFailure: expected:<GJChronology[[America/Los_Angeles],cutover=1969-12-31T...> but was:<GJChronology[[UTC],cutover=1969-12-31T...>	at sun.reflect.NativeMethodAccessorImpl.invoke0(Native Method)java.lang.AssertionError: expected:<-62135741221999> but was:<-62135769599999>	at sun.reflect.NativeMethodAccessorImpl.invoke0(Native Method)java.lang.AssertionError: expected:<1393660800000> but was:<1393632000000>	at sun.reflect.NativeMethodAccessorImpl.invoke0(Native Method)java.lang.AssertionError: expected:<-218945513161000> but was:<-218945541539000>	at sun.reflect.NativeMethodAccessorImpl.invoke0(Native Method)org.junit.ComparisonFailure: expected:<GJChronology[[America/Los_Angeles]]> but was:<GJChronology[[UTC]]>	at sun.reflect.NativeMethodAccessorImpl.invoke0(Native Method)|
/home/hungnh/Thanh/TSE_submission/data/evaluation_raw/Patch186,Time,18,2019_Evosuite,19,30, 14,1.075,1) test06(org.joda.time.chrono.GJChronology_ESTest)	at org.joda.time.chrono.GJChronology_ESTest.test06(GJChronology_ESTest.java:103)2) test29(org.joda.time.chrono.GJChronology_ESTest)	at org.joda.time.chrono.GJChronology_ESTest.test29(GJChronology_ESTest.java:348)3) test08(org.joda.time.chrono.GJChronology_ESTest)	at org.joda.time.chrono.GJChronology_ESTest.test08(GJChronology_ESTest.java:124)4) test20(org.joda.time.chrono.GJChronology_ESTest)	at org.joda.time.chrono.GJChronology_ESTest.test20(GJChronology_ESTest.java:248)5) test21(org.joda.time.chrono.GJChronology_ESTest)	at org.joda.time.chrono.GJChronology_ESTest.test21(GJChronology_ESTest.java:259)6) test01(org.joda.time.chrono.GJChronology_ESTest)	at org.joda.time.chrono.GJChronology_ESTest.test01(GJChronology_ESTest.java:60)7) test23(org.joda.time.chrono.GJChronology_ESTest)	at org.joda.time.chrono.GJChronology_ESTest.test23(GJChronology_ESTest.java:282)8) test26(org.joda.time.chrono.GJChronology_ESTest)	at org.joda.time.chrono.GJChronology_ESTest.test26(GJChronology_ESTest.java:308)9) test27(org.joda.time.chrono.GJChronology_ESTest)	at org.joda.time.chrono.GJChronology_ESTest.test27(GJChronology_ESTest.java:318)10) test17(org.joda.time.chrono.GJChronology_ESTest)	at org.joda.time.chrono.GJChronology_ESTest.test17(GJChronology_ESTest.java:219)11) test10(org.joda.time.chrono.GJChronology_ESTest)	at org.joda.time.chrono.GJChronology_ESTest.test10(GJChronology_ESTest.java:143)12) test11(org.joda.time.chrono.GJChronology_ESTest)	at org.joda.time.chrono.GJChronology_ESTest.test11(GJChronology_ESTest.java:154)13) test13(org.joda.time.chrono.GJChronology_ESTest)	at org.joda.time.chrono.GJChronology_ESTest.test13(GJChronology_ESTest.java:176)14) test16(org.joda.time.chrono.GJChronology_ESTest)	at org.joda.time.chrono.GJChronology_ESTest.test16(GJChronology_ESTest.java:211),|org.junit.ComparisonFailure: expected:<GJChronology[[America/Los_Angeles],cutover=2014-02-14T...> but was:<GJChronology[[UTC],cutover=2014-02-14T...>^org.junit.ComparisonFailure: expected:<GJChronology[[America/Los_Angeles]]> but was:<GJChronology[[UTC]]>^|,java.lang.AssertionError: Expecting exception: IllegalArgumentException^java.lang.AssertionError: Expecting exception: IllegalArgumentException^,|java.lang.ClassCastException: org.joda.time.tz.FixedDateTimeZone cannot be cast to org.joda.time.tz.CachedDateTimeZone	at sun.reflect.NativeMethodAccessorImpl.invoke0(Native Method)java.lang.AssertionError: expected:<-20770214825949> but was:<-20770214403949>	at sun.reflect.NativeMethodAccessorImpl.invoke0(Native Method)java.lang.AssertionError: expected:<-20769091625949> but was:<-20769091203949>	at sun.reflect.NativeMethodAccessorImpl.invoke0(Native Method)java.lang.AssertionError: Expecting exception: IllegalArgumentException	at sun.reflect.NativeMethodAccessorImpl.invoke0(Native Method)java.lang.ClassCastException: org.joda.time.tz.FixedDateTimeZone cannot be cast to org.joda.time.tz.CachedDateTimeZone	at sun.reflect.NativeMethodAccessorImpl.invoke0(Native Method)java.lang.ClassCastException: org.joda.time.tz.FixedDateTimeZone cannot be cast to org.joda.time.tz.CachedDateTimeZone	at sun.reflect.NativeMethodAccessorImpl.invoke0(Native Method)java.lang.AssertionError: expected:<-45027763622000> but was:<-45027792000000>	at sun.reflect.NativeMethodAccessorImpl.invoke0(Native Method)arrays first differed at element [4]; expected:<7> but was:<8>	at sun.reflect.NativeMethodAccessorImpl.invoke0(Native Method)java.lang.AssertionError: expected:<11506575602188> but was:<11506579202188>	at sun.reflect.NativeMethodAccessorImpl.invoke0(Native Method)org.junit.ComparisonFailure: expected:<GJChronology[[America/Los_Angeles],cutover=2014-02-14T...> but was:<GJChronology[[UTC],cutover=2014-02-14T...>	at sun.reflect.NativeMethodAccessorImpl.invoke0(Native Method)java.lang.ClassCastException: org.joda.time.tz.FixedDateTimeZone cannot be cast to org.joda.time.tz.CachedDateTimeZone	at sun.reflect.NativeMethodAccessorImpl.invoke0(Native Method)java.lang.AssertionError: expected:<-87531120419632> but was:<-87531148797632>	at sun.reflect.NativeMethodAccessorImpl.invoke0(Native Method)java.lang.AssertionError: Expecting exception: IllegalArgumentException	at sun.reflect.NativeMethodAccessorImpl.invoke0(Native Method)org.junit.ComparisonFailure: expected:<GJChronology[[America/Los_Angeles]]> but was:<GJChronology[[UTC]]>	at sun.reflect.NativeMethodAccessorImpl.invoke0(Native Method)|
/home/hungnh/Thanh/TSE_submission/data/evaluation_raw/Patch186,Time,18,2019_Evosuite,20,32, 5,1.12,1) test29(org.joda.time.chrono.GJChronology_ESTest)	at org.joda.time.chrono.GJChronology_ESTest.test29(GJChronology_ESTest.java:337)2) test02(org.joda.time.chrono.GJChronology_ESTest)	at org.joda.time.chrono.GJChronology_ESTest.test02(GJChronology_ESTest.java:73)3) test24(org.joda.time.chrono.GJChronology_ESTest)	at org.joda.time.chrono.GJChronology_ESTest.test24(GJChronology_ESTest.java:292)4) test11(org.joda.time.chrono.GJChronology_ESTest)	at org.joda.time.chrono.GJChronology_ESTest.test11(GJChronology_ESTest.java:147)5) test16(org.joda.time.chrono.GJChronology_ESTest)	at org.joda.time.chrono.GJChronology_ESTest.test16(GJChronology_ESTest.java:201),,,java.lang.AssertionError: expected:<-61977657600000> but was:<-61976793600000>	at sun.reflect.NativeMethodAccessorImpl.invoke0(Native Method)java.lang.AssertionError: expected:<76423302422000> but was:<76424169600000>	at sun.reflect.NativeMethodAccessorImpl.invoke0(Native Method)java.lang.AssertionError: expected:<1392438081320> but was:<1392409281320>	at sun.reflect.NativeMethodAccessorImpl.invoke0(Native Method)java.lang.ClassCastException: org.joda.time.tz.FixedDateTimeZone cannot be cast to org.joda.time.tz.CachedDateTimeZone	at sun.reflect.NativeMethodAccessorImpl.invoke0(Native Method)java.lang.ClassCastException: org.joda.time.tz.FixedDateTimeZone cannot be cast to org.joda.time.tz.CachedDateTimeZone	at sun.reflect.NativeMethodAccessorImpl.invoke0(Native Method)
/home/hungnh/Thanh/TSE_submission/data/evaluation_raw/Patch186,Time,18,2019_Evosuite,21,29, 8,1.158,1) test06(org.joda.time.chrono.GJChronology_ESTest)	at org.joda.time.chrono.GJChronology_ESTest.test06(GJChronology_ESTest.java:109)2) test28(org.joda.time.chrono.GJChronology_ESTest)	at org.joda.time.chrono.GJChronology_ESTest.test28(GJChronology_ESTest.java:324)3) test25(org.joda.time.chrono.GJChronology_ESTest)	at org.joda.time.chrono.GJChronology_ESTest.test25(GJChronology_ESTest.java:295)4) test17(org.joda.time.chrono.GJChronology_ESTest)	at org.joda.time.chrono.GJChronology_ESTest.test17(GJChronology_ESTest.java:222)5) test13(org.joda.time.chrono.GJChronology_ESTest)	at org.joda.time.chrono.GJChronology_ESTest.test13(GJChronology_ESTest.java:192)6) test14(org.joda.time.chrono.GJChronology_ESTest)	at org.joda.time.chrono.GJChronology_ESTest.test14(GJChronology_ESTest.java:199)7) test15(org.joda.time.chrono.GJChronology_ESTest)	at org.joda.time.chrono.GJChronology_ESTest.test15(GJChronology_ESTest.java:206)8) test16(org.joda.time.chrono.GJChronology_ESTest)	at org.joda.time.chrono.GJChronology_ESTest.test16(GJChronology_ESTest.java:214),|org.junit.ComparisonFailure: expected:<GJChronology[[America/Los_Angeles],cutover=1970-01-01T...> but was:<GJChronology[[UTC],cutover=1970-01-01T...>^org.junit.ComparisonFailure: expected:<GJChronology[[America/Los_Angeles]]> but was:<GJChronology[[UTC]]>^org.junit.ComparisonFailure: expected:<GJChronology[[America/Los_Angeles],cutover=1970-01-01]> but was:<GJChronology[[UTC],cutover=1970-01-01]>^|,,|java.lang.ClassCastException: org.joda.time.tz.FixedDateTimeZone cannot be cast to org.joda.time.tz.CachedDateTimeZone	at sun.reflect.NativeMethodAccessorImpl.invoke0(Native Method)arrays first differed at element [1]; expected:<-6> but was:<-5>	at sun.reflect.NativeMethodAccessorImpl.invoke0(Native Method)java.lang.AssertionError: expected:<164287088051901260> but was:<164287088052323260>	at sun.reflect.NativeMethodAccessorImpl.invoke0(Native Method)org.junit.ComparisonFailure: expected:<GJChronology[[America/Los_Angeles],cutover=1970-01-01T...> but was:<GJChronology[[UTC],cutover=1970-01-01T...>	at sun.reflect.NativeMethodAccessorImpl.invoke0(Native Method)java.lang.AssertionError: expected:<26157110400000> but was:<26157081600000>	at sun.reflect.NativeMethodAccessorImpl.invoke0(Native Method)java.lang.AssertionError: expected:<-59204534822000> but was:<-59204563200000>	at sun.reflect.NativeMethodAccessorImpl.invoke0(Native Method)org.junit.ComparisonFailure: expected:<GJChronology[[America/Los_Angeles]]> but was:<GJChronology[[UTC]]>	at sun.reflect.NativeMethodAccessorImpl.invoke0(Native Method)org.junit.ComparisonFailure: expected:<GJChronology[[America/Los_Angeles],cutover=1970-01-01]> but was:<GJChronology[[UTC],cutover=1970-01-01]>	at sun.reflect.NativeMethodAccessorImpl.invoke0(Native Method)|
/home/hungnh/Thanh/TSE_submission/data/evaluation_raw/Patch186,Time,18,2019_Evosuite,22,26, 8,1.095,1) test07(org.joda.time.chrono.GJChronology_ESTest)	at org.joda.time.chrono.GJChronology_ESTest.test07(GJChronology_ESTest.java:102)2) test08(org.joda.time.chrono.GJChronology_ESTest)	at org.joda.time.chrono.GJChronology_ESTest.test08(GJChronology_ESTest.java:109)3) test21(org.joda.time.chrono.GJChronology_ESTest)	at org.joda.time.chrono.GJChronology_ESTest.test21(GJChronology_ESTest.java:248)4) test24(org.joda.time.chrono.GJChronology_ESTest)	at org.joda.time.chrono.GJChronology_ESTest.test24(GJChronology_ESTest.java:275)5) test05(org.joda.time.chrono.GJChronology_ESTest)	at org.joda.time.chrono.GJChronology_ESTest.test05(GJChronology_ESTest.java:86)6) test11(org.joda.time.chrono.GJChronology_ESTest)	at org.joda.time.chrono.GJChronology_ESTest.test11(GJChronology_ESTest.java:140)7) test14(org.joda.time.chrono.GJChronology_ESTest)	at org.joda.time.chrono.GJChronology_ESTest.test14(GJChronology_ESTest.java:176)8) test16(org.joda.time.chrono.GJChronology_ESTest)	at org.joda.time.chrono.GJChronology_ESTest.test16(GJChronology_ESTest.java:196),|org.junit.ComparisonFailure: expected:<GJChronology[[America/Los_Angeles,cutover=2014-02-14T08:00:00.000Z]]> but was:<GJChronology[[UTC,cutover=2014-02-14]]>^|,,|java.lang.AssertionError: expected:<20> but was:<21>	at sun.reflect.NativeMethodAccessorImpl.invoke0(Native Method)java.lang.ClassCastException: org.joda.time.tz.FixedDateTimeZone cannot be cast to org.joda.time.tz.CachedDateTimeZone	at sun.reflect.NativeMethodAccessorImpl.invoke0(Native Method)java.lang.AssertionError: expected:<30> but was:<1>	at sun.reflect.NativeMethodAccessorImpl.invoke0(Native Method)arrays first differed at element [3]; expected:<-5> but was:<-4>	at sun.reflect.NativeMethodAccessorImpl.invoke0(Native Method)java.lang.AssertionError: expected:<1392364800000> but was:<1392336000000>	at sun.reflect.NativeMethodAccessorImpl.invoke0(Native Method)java.lang.AssertionError: expected:<-61793068697000> but was:<-61793097075000>	at sun.reflect.NativeMethodAccessorImpl.invoke0(Native Method)java.lang.ClassCastException: org.joda.time.tz.FixedDateTimeZone cannot be cast to org.joda.time.tz.CachedDateTimeZone	at sun.reflect.NativeMethodAccessorImpl.invoke0(Native Method)org.junit.ComparisonFailure: expected:<GJChronology[[America/Los_Angeles,cutover=2014-02-14T08:00:00.000Z]]> but was:<GJChronology[[UTC,cutover=2014-02-14]]>	at sun.reflect.NativeMethodAccessorImpl.invoke0(Native Method)|
/home/hungnh/Thanh/TSE_submission/data/evaluation_raw/Patch186,Time,18,2019_Evosuite,23,35, 13,1.102,1) test06(org.joda.time.chrono.GJChronology_ESTest)	at org.joda.time.chrono.GJChronology_ESTest.test06(GJChronology_ESTest.java:104)2) test29(org.joda.time.chrono.GJChronology_ESTest)	at org.joda.time.chrono.GJChronology_ESTest.test29(GJChronology_ESTest.java:354)3) test09(org.joda.time.chrono.GJChronology_ESTest)	at org.joda.time.chrono.GJChronology_ESTest.test09(GJChronology_ESTest.java:127)4) test21(org.joda.time.chrono.GJChronology_ESTest)	at org.joda.time.chrono.GJChronology_ESTest.test21(GJChronology_ESTest.java:251)5) test22(org.joda.time.chrono.GJChronology_ESTest)	at org.joda.time.chrono.GJChronology_ESTest.test22(GJChronology_ESTest.java:263)6) test25(org.joda.time.chrono.GJChronology_ESTest)	at org.joda.time.chrono.GJChronology_ESTest.test25(GJChronology_ESTest.java:295)7) test26(org.joda.time.chrono.GJChronology_ESTest)	at org.joda.time.chrono.GJChronology_ESTest.test26(GJChronology_ESTest.java:314)8) test27(org.joda.time.chrono.GJChronology_ESTest)	at org.joda.time.chrono.GJChronology_ESTest.test27(GJChronology_ESTest.java:333)9) test18(org.joda.time.chrono.GJChronology_ESTest)	at org.joda.time.chrono.GJChronology_ESTest.test18(GJChronology_ESTest.java:228)10) test10(org.joda.time.chrono.GJChronology_ESTest)	at org.joda.time.chrono.GJChronology_ESTest.test10(GJChronology_ESTest.java:144)11) test32(org.joda.time.chrono.GJChronology_ESTest)	at org.joda.time.chrono.GJChronology_ESTest.test32(GJChronology_ESTest.java:383)12) test15(org.joda.time.chrono.GJChronology_ESTest)	at org.joda.time.chrono.GJChronology_ESTest.test15(GJChronology_ESTest.java:201)13) test16(org.joda.time.chrono.GJChronology_ESTest)	at org.joda.time.chrono.GJChronology_ESTest.test16(GJChronology_ESTest.java:208),|org.junit.ComparisonFailure: expected:<...TC,cutover=2014-02-1[3T08:00:00.000Z]]> but was:<...TC,cutover=2014-02-1[4]]>^org.junit.ComparisonFailure: expected:<GJChronology[[America/Los_Angeles]]> but was:<GJChronology[[UTC]]>^|,,|java.lang.AssertionError: expected:<1393660800000> but was:<1393632000000>	at sun.reflect.NativeMethodAccessorImpl.invoke0(Native Method)java.lang.ClassCastException: org.joda.time.tz.FixedDateTimeZone cannot be cast to org.joda.time.tz.CachedDateTimeZone	at sun.reflect.NativeMethodAccessorImpl.invoke0(Native Method)java.lang.ClassCastException: org.joda.time.tz.FixedDateTimeZone cannot be cast to org.joda.time.tz.CachedDateTimeZone	at sun.reflect.NativeMethodAccessorImpl.invoke0(Native Method)java.lang.ClassCastException: org.joda.time.tz.FixedDateTimeZone cannot be cast to org.joda.time.tz.CachedDateTimeZone	at sun.reflect.NativeMethodAccessorImpl.invoke0(Native Method)java.lang.ClassCastException: org.joda.time.tz.FixedDateTimeZone cannot be cast to org.joda.time.tz.CachedDateTimeZone	at sun.reflect.NativeMethodAccessorImpl.invoke0(Native Method)java.lang.ClassCastException: org.joda.time.tz.FixedDateTimeZone cannot be cast to org.joda.time.tz.CachedDateTimeZone	at sun.reflect.NativeMethodAccessorImpl.invoke0(Native Method)java.lang.ClassCastException: org.joda.time.tz.FixedDateTimeZone cannot be cast to org.joda.time.tz.CachedDateTimeZone	at sun.reflect.NativeMethodAccessorImpl.invoke0(Native Method)java.lang.ClassCastException: org.joda.time.tz.FixedDateTimeZone cannot be cast to org.joda.time.tz.CachedDateTimeZone	at sun.reflect.NativeMethodAccessorImpl.invoke0(Native Method)org.junit.ComparisonFailure: expected:<...TC,cutover=2014-02-1[3T08:00:00.000Z]]> but was:<...TC,cutover=2014-02-1[4]]>	at sun.reflect.NativeMethodAccessorImpl.invoke0(Native Method)java.lang.AssertionError: expected not same	at sun.reflect.NativeMethodAccessorImpl.invoke0(Native Method)arrays first differed at element [3]; expected:<-84694803> but was:<-85116803>	at sun.reflect.NativeMethodAccessorImpl.invoke0(Native Method)java.lang.AssertionError: expected:<-62101433099998> but was:<-62101461477998>	at sun.reflect.NativeMethodAccessorImpl.invoke0(Native Method)org.junit.ComparisonFailure: expected:<GJChronology[[America/Los_Angeles]]> but was:<GJChronology[[UTC]]>	at sun.reflect.NativeMethodAccessorImpl.invoke0(Native Method)|
/home/hungnh/Thanh/TSE_submission/data/evaluation_raw/Patch186,Time,18,2019_Evosuite,24,36, 11,1.176,1) test07(org.joda.time.chrono.GJChronology_ESTest)	at org.joda.time.chrono.GJChronology_ESTest.test07(GJChronology_ESTest.java:114)2) test08(org.joda.time.chrono.GJChronology_ESTest)	at org.joda.time.chrono.GJChronology_ESTest.test08(GJChronology_ESTest.java:123)3) test20(org.joda.time.chrono.GJChronology_ESTest)	at org.joda.time.chrono.GJChronology_ESTest.test20(GJChronology_ESTest.java:265)4) test02(org.joda.time.chrono.GJChronology_ESTest)	at org.joda.time.chrono.GJChronology_ESTest.test02(GJChronology_ESTest.java:71)5) test03(org.joda.time.chrono.GJChronology_ESTest)	at org.joda.time.chrono.GJChronology_ESTest.test03(GJChronology_ESTest.java:77)6) test17(org.joda.time.chrono.GJChronology_ESTest)	at org.joda.time.chrono.GJChronology_ESTest.test17(GJChronology_ESTest.java:229)7) test19(org.joda.time.chrono.GJChronology_ESTest)	at org.joda.time.chrono.GJChronology_ESTest.test19(GJChronology_ESTest.java:259)8) test31(org.joda.time.chrono.GJChronology_ESTest)	at org.joda.time.chrono.GJChronology_ESTest.test31(GJChronology_ESTest.java:419)9) test34(org.joda.time.chrono.GJChronology_ESTest)	at org.joda.time.chrono.GJChronology_ESTest.test34(GJChronology_ESTest.java:449)10) test35(org.joda.time.chrono.GJChronology_ESTest)	at org.joda.time.chrono.GJChronology_ESTest.test35(GJChronology_ESTest.java:457)11) test15(org.joda.time.chrono.GJChronology_ESTest)	at org.joda.time.chrono.GJChronology_ESTest.test15(GJChronology_ESTest.java:206),,java.lang.AssertionError: Expecting exception: IllegalArgumentException^,org.evosuite.runtime.mock.java.lang.MockIllegalArgumentException: Field 'days' is not supported	at sun.reflect.NativeMethodAccessorImpl.invoke0(Native Method)java.lang.AssertionError: expected:<-46899592> but was:<-75699592>	at sun.reflect.NativeMethodAccessorImpl.invoke0(Native Method)java.lang.ClassCastException: org.joda.time.tz.FixedDateTimeZone cannot be cast to org.joda.time.tz.CachedDateTimeZone	at sun.reflect.NativeMethodAccessorImpl.invoke0(Native Method)java.lang.AssertionError: expected:<-21864397540680> but was:<-21864397118680>	at sun.reflect.NativeMethodAccessorImpl.invoke0(Native Method)java.lang.ClassCastException: org.joda.time.tz.FixedDateTimeZone cannot be cast to org.joda.time.tz.CachedDateTimeZone	at sun.reflect.NativeMethodAccessorImpl.invoke0(Native Method)java.lang.AssertionError: Expecting exception: IllegalArgumentException	at sun.reflect.NativeMethodAccessorImpl.invoke0(Native Method)java.lang.AssertionError: expected:<1392364800000> but was:<1392336000000>	at sun.reflect.NativeMethodAccessorImpl.invoke0(Native Method)arrays first differed at element [5]; expected:<7> but was:<14>	at sun.reflect.NativeMethodAccessorImpl.invoke0(Native Method)java.lang.AssertionError: expected:<-38751606422000> but was:<-38751606000000>	at sun.reflect.NativeMethodAccessorImpl.invoke0(Native Method)java.lang.AssertionError: expected:<-9127468800000> but was:<-9126604800000>	at sun.reflect.NativeMethodAccessorImpl.invoke0(Native Method)java.lang.AssertionError: expected:<1393660800000> but was:<1393632000000>	at sun.reflect.NativeMethodAccessorImpl.invoke0(Native Method)
/home/hungnh/Thanh/TSE_submission/data/evaluation_raw/Patch186,Time,18,2019_Evosuite,25,29, 9,1.02,1) test08(org.joda.time.chrono.GJChronology_ESTest)	at org.joda.time.chrono.GJChronology_ESTest.test08(GJChronology_ESTest.java:120)2) test09(org.joda.time.chrono.GJChronology_ESTest)	at org.joda.time.chrono.GJChronology_ESTest.test09(GJChronology_ESTest.java:130)3) test01(org.joda.time.chrono.GJChronology_ESTest)	at org.joda.time.chrono.GJChronology_ESTest.test01(GJChronology_ESTest.java:64)4) test24(org.joda.time.chrono.GJChronology_ESTest)	at org.joda.time.chrono.GJChronology_ESTest.test24(GJChronology_ESTest.java:286)5) test25(org.joda.time.chrono.GJChronology_ESTest)	at org.joda.time.chrono.GJChronology_ESTest.test25(GJChronology_ESTest.java:296)6) test27(org.joda.time.chrono.GJChronology_ESTest)	at org.joda.time.chrono.GJChronology_ESTest.test27(GJChronology_ESTest.java:317)7) test18(org.joda.time.chrono.GJChronology_ESTest)	at org.joda.time.chrono.GJChronology_ESTest.test18(GJChronology_ESTest.java:232)8) test10(org.joda.time.chrono.GJChronology_ESTest)	at org.joda.time.chrono.GJChronology_ESTest.test10(GJChronology_ESTest.java:144)9) test14(org.joda.time.chrono.GJChronology_ESTest)	at org.joda.time.chrono.GJChronology_ESTest.test14(GJChronology_ESTest.java:188),,,java.lang.ClassCastException: org.joda.time.tz.FixedDateTimeZone cannot be cast to org.joda.time.tz.CachedDateTimeZone	at sun.reflect.NativeMethodAccessorImpl.invoke0(Native Method)java.lang.ClassCastException: org.joda.time.chrono.GJChronology$CutoverField cannot be cast to org.joda.time.chrono.ZonedChronology$ZonedDateTimeField	at sun.reflect.NativeMethodAccessorImpl.invoke0(Native Method)java.lang.AssertionError: expected:<-57600000> but was:<0>	at sun.reflect.NativeMethodAccessorImpl.invoke0(Native Method)java.lang.AssertionError: expected:<-39832906021996> but was:<-39832559999996>	at sun.reflect.NativeMethodAccessorImpl.invoke0(Native Method)java.lang.AssertionError: expected:<-46924330022000> but was:<-46924358400000>	at sun.reflect.NativeMethodAccessorImpl.invoke0(Native Method)java.lang.AssertionError: expected:<125093471699220184> but was:<125093471702398184>	at sun.reflect.NativeMethodAccessorImpl.invoke0(Native Method)java.lang.AssertionError: expected:<-42412349222000> but was:<-42412291200000>	at sun.reflect.NativeMethodAccessorImpl.invoke0(Native Method)java.lang.AssertionError: expected:<-57600000> but was:<-86400000>	at sun.reflect.NativeMethodAccessorImpl.invoke0(Native Method)java.lang.AssertionError: expected:<-46199174821999> but was:<-46199203199999>	at sun.reflect.NativeMethodAccessorImpl.invoke0(Native Method)
/home/hungnh/Thanh/TSE_submission/data/evaluation_raw/Patch186,Time,18,2019_Evosuite,26,28, 10,1.109,1) test08(org.joda.time.chrono.GJChronology_ESTest)	at org.joda.time.chrono.GJChronology_ESTest.test08(GJChronology_ESTest.java:110)2) test21(org.joda.time.chrono.GJChronology_ESTest)	at org.joda.time.chrono.GJChronology_ESTest.test21(GJChronology_ESTest.java:253)3) test00(org.joda.time.chrono.GJChronology_ESTest)	at org.joda.time.chrono.GJChronology_ESTest.test00(GJChronology_ESTest.java:46)4) test23(org.joda.time.chrono.GJChronology_ESTest)	at org.joda.time.chrono.GJChronology_ESTest.test23(GJChronology_ESTest.java:268)5) test24(org.joda.time.chrono.GJChronology_ESTest)	at org.joda.time.chrono.GJChronology_ESTest.test24(GJChronology_ESTest.java:277)6) test03(org.joda.time.chrono.GJChronology_ESTest)	at org.joda.time.chrono.GJChronology_ESTest.test03(GJChronology_ESTest.java:73)7) test26(org.joda.time.chrono.GJChronology_ESTest)	at org.joda.time.chrono.GJChronology_ESTest.test26(GJChronology_ESTest.java:296)8) test11(org.joda.time.chrono.GJChronology_ESTest)	at org.joda.time.chrono.GJChronology_ESTest.test11(GJChronology_ESTest.java:142)9) test15(org.joda.time.chrono.GJChronology_ESTest)	at org.joda.time.chrono.GJChronology_ESTest.test15(GJChronology_ESTest.java:189)10) test16(org.joda.time.chrono.GJChronology_ESTest)	at org.joda.time.chrono.GJChronology_ESTest.test16(GJChronology_ESTest.java:201),|org.junit.ComparisonFailure: expected:<GJChronology[[America/Los_Angeles],cutover=1344-02-14]> but was:<GJChronology[[UTC],cutover=1344-02-14]>^|,java.lang.AssertionError: Expecting exception: IllegalArgumentException^,|java.lang.ClassCastException: org.joda.time.tz.FixedDateTimeZone cannot be cast to org.joda.time.tz.CachedDateTimeZone	at sun.reflect.NativeMethodAccessorImpl.invoke0(Native Method)org.junit.ComparisonFailure: expected:<GJChronology[[America/Los_Angeles],cutover=1344-02-14]> but was:<GJChronology[[UTC],cutover=1344-02-14]>	at sun.reflect.NativeMethodAccessorImpl.invoke0(Native Method)java.lang.AssertionError: expected:<-61998872246995> but was:<-61998900624995>	at sun.reflect.NativeMethodAccessorImpl.invoke0(Native Method)java.lang.AssertionError: expected:<-79237238821998> but was:<-79237267199998>	at sun.reflect.NativeMethodAccessorImpl.invoke0(Native Method)java.lang.AssertionError: expected:<-62005795622000> but was:<-62005824000000>	at sun.reflect.NativeMethodAccessorImpl.invoke0(Native Method)java.lang.AssertionError: expected:<1391241600000> but was:<1391212800000>	at sun.reflect.NativeMethodAccessorImpl.invoke0(Native Method)java.lang.AssertionError: expected:<1392364800000> but was:<1392336000000>	at sun.reflect.NativeMethodAccessorImpl.invoke0(Native Method)java.lang.ClassCastException: org.joda.time.tz.FixedDateTimeZone cannot be cast to org.joda.time.tz.CachedDateTimeZone	at sun.reflect.NativeMethodAccessorImpl.invoke0(Native Method)java.lang.AssertionError: Expecting exception: IllegalArgumentException	at sun.reflect.NativeMethodAccessorImpl.invoke0(Native Method)java.lang.ClassCastException: org.joda.time.tz.FixedDateTimeZone cannot be cast to org.joda.time.tz.CachedDateTimeZone	at sun.reflect.NativeMethodAccessorImpl.invoke0(Native Method)|
/home/hungnh/Thanh/TSE_submission/data/evaluation_raw/Patch186,Time,18,2019_Evosuite,27,32, 12,1.059,1) test28(org.joda.time.chrono.GJChronology_ESTest)	at org.joda.time.chrono.GJChronology_ESTest.test28(GJChronology_ESTest.java:332)2) test07(org.joda.time.chrono.GJChronology_ESTest)	at org.joda.time.chrono.GJChronology_ESTest.test07(GJChronology_ESTest.java:109)3) test29(org.joda.time.chrono.GJChronology_ESTest)	at org.joda.time.chrono.GJChronology_ESTest.test29(GJChronology_ESTest.java:338)4) test20(org.joda.time.chrono.GJChronology_ESTest)	at org.joda.time.chrono.GJChronology_ESTest.test20(GJChronology_ESTest.java:249)5) test22(org.joda.time.chrono.GJChronology_ESTest)	at org.joda.time.chrono.GJChronology_ESTest.test22(GJChronology_ESTest.java:274)6) test01(org.joda.time.chrono.GJChronology_ESTest)	at org.joda.time.chrono.GJChronology_ESTest.test01(GJChronology_ESTest.java:54)7) test27(org.joda.time.chrono.GJChronology_ESTest)	at org.joda.time.chrono.GJChronology_ESTest.test27(GJChronology_ESTest.java:324)8) test30(org.joda.time.chrono.GJChronology_ESTest)	at org.joda.time.chrono.GJChronology_ESTest.test30(GJChronology_ESTest.java:355)9) test17(org.joda.time.chrono.GJChronology_ESTest)	at org.joda.time.chrono.GJChronology_ESTest.test17(GJChronology_ESTest.java:229)10) test18(org.joda.time.chrono.GJChronology_ESTest)	at org.joda.time.chrono.GJChronology_ESTest.test18(GJChronology_ESTest.java:236)11) test19(org.joda.time.chrono.GJChronology_ESTest)	at org.joda.time.chrono.GJChronology_ESTest.test19(GJChronology_ESTest.java:243)12) test13(org.joda.time.chrono.GJChronology_ESTest)	at org.joda.time.chrono.GJChronology_ESTest.test13(GJChronology_ESTest.java:173),org.junit.ComparisonFailure: expected:<GJChronology[[America/Los_Angeles]]> but was:<GJChronology[[UTC]]>^,,java.lang.AssertionError: expected:<87863535295539> but was:<87863540161539>	at sun.reflect.NativeMethodAccessorImpl.invoke0(Native Method)java.lang.ClassCastException: org.joda.time.tz.FixedDateTimeZone cannot be cast to org.joda.time.tz.CachedDateTimeZone	at sun.reflect.NativeMethodAccessorImpl.invoke0(Native Method)java.lang.ClassCastException: org.joda.time.tz.FixedDateTimeZone cannot be cast to org.joda.time.tz.CachedDateTimeZone	at sun.reflect.NativeMethodAccessorImpl.invoke0(Native Method)java.lang.ClassCastException: org.joda.time.tz.FixedDateTimeZone cannot be cast to org.joda.time.tz.CachedDateTimeZone	at sun.reflect.NativeMethodAccessorImpl.invoke0(Native Method)java.lang.AssertionError: expected:<-12218256000000> but was:<-12218342400000>	at sun.reflect.NativeMethodAccessorImpl.invoke0(Native Method)java.lang.ClassCastException: org.joda.time.tz.FixedDateTimeZone cannot be cast to org.joda.time.tz.CachedDateTimeZone	at sun.reflect.NativeMethodAccessorImpl.invoke0(Native Method)arrays first differed at element [0]; expected:<13748> but was:<13749>	at sun.reflect.NativeMethodAccessorImpl.invoke0(Native Method)java.lang.AssertionError: expected:<-263584731347081> but was:<-263584734723081>	at sun.reflect.NativeMethodAccessorImpl.invoke0(Native Method)java.lang.AssertionError: expected:<31586400000> but was:<31557600000>	at sun.reflect.NativeMethodAccessorImpl.invoke0(Native Method)java.lang.AssertionError: expected:<-62101433099998> but was:<-62101461477998>	at sun.reflect.NativeMethodAccessorImpl.invoke0(Native Method)org.junit.ComparisonFailure: expected:<GJChronology[[America/Los_Angeles]]> but was:<GJChronology[[UTC]]>	at sun.reflect.NativeMethodAccessorImpl.invoke0(Native Method)java.lang.ClassCastException: org.joda.time.tz.FixedDateTimeZone cannot be cast to org.joda.time.tz.CachedDateTimeZone	at sun.reflect.NativeMethodAccessorImpl.invoke0(Native Method)
/home/hungnh/Thanh/TSE_submission/data/evaluation_raw/Patch186,Time,18,2019_Evosuite,28,33, 9,1.129,1) test07(org.joda.time.chrono.GJChronology_ESTest)	at org.joda.time.chrono.GJChronology_ESTest.test07(GJChronology_ESTest.java:114)2) test08(org.joda.time.chrono.GJChronology_ESTest)	at org.joda.time.chrono.GJChronology_ESTest.test08(GJChronology_ESTest.java:119)3) test25(org.joda.time.chrono.GJChronology_ESTest)	at org.joda.time.chrono.GJChronology_ESTest.test25(GJChronology_ESTest.java:305)4) test30(org.joda.time.chrono.GJChronology_ESTest)	at org.joda.time.chrono.GJChronology_ESTest.test30(GJChronology_ESTest.java:353)5) test17(org.joda.time.chrono.GJChronology_ESTest)	at org.joda.time.chrono.GJChronology_ESTest.test17(GJChronology_ESTest.java:205)6) test31(org.joda.time.chrono.GJChronology_ESTest)	at org.joda.time.chrono.GJChronology_ESTest.test31(GJChronology_ESTest.java:361)7) test11(org.joda.time.chrono.GJChronology_ESTest)	at org.joda.time.chrono.GJChronology_ESTest.test11(GJChronology_ESTest.java:150)8) test14(org.joda.time.chrono.GJChronology_ESTest)	at org.joda.time.chrono.GJChronology_ESTest.test14(GJChronology_ESTest.java:186)9) test16(org.joda.time.chrono.GJChronology_ESTest)	at org.joda.time.chrono.GJChronology_ESTest.test16(GJChronology_ESTest.java:200),org.junit.ComparisonFailure: expected:<GJChronology[[America/Los_Angeles]]> but was:<GJChronology[[UTC]]>^,,java.lang.AssertionError: expected:<-17963035081747> but was:<-17963034659747>	at sun.reflect.NativeMethodAccessorImpl.invoke0(Native Method)java.lang.ClassCastException: org.joda.time.tz.FixedDateTimeZone cannot be cast to org.joda.time.tz.CachedDateTimeZone	at sun.reflect.NativeMethodAccessorImpl.invoke0(Native Method)java.lang.ClassCastException: org.joda.time.tz.FixedDateTimeZone cannot be cast to org.joda.time.tz.CachedDateTimeZone	at sun.reflect.NativeMethodAccessorImpl.invoke0(Native Method)java.lang.AssertionError: expected:<-9373992489919> but was:<-9373128489919>	at sun.reflect.NativeMethodAccessorImpl.invoke0(Native Method)java.lang.ClassCastException: org.joda.time.tz.FixedDateTimeZone cannot be cast to org.joda.time.tz.CachedDateTimeZone	at sun.reflect.NativeMethodAccessorImpl.invoke0(Native Method)java.lang.AssertionError: expected:<-6080083622162> but was:<-6080083200162>	at sun.reflect.NativeMethodAccessorImpl.invoke0(Native Method)java.lang.AssertionError: expected:<-61386048421976> but was:<-61386076799976>	at sun.reflect.NativeMethodAccessorImpl.invoke0(Native Method)java.lang.AssertionError: expected:<1392364800000> but was:<1392336000000>	at sun.reflect.NativeMethodAccessorImpl.invoke0(Native Method)org.junit.ComparisonFailure: expected:<GJChronology[[America/Los_Angeles]]> but was:<GJChronology[[UTC]]>	at sun.reflect.NativeMethodAccessorImpl.invoke0(Native Method)
/home/hungnh/Thanh/TSE_submission/data/evaluation_raw/Patch186,Time,18,2019_Evosuite,29,28, 3,1.075,1) test07(org.joda.time.chrono.GJChronology_ESTest)	at org.joda.time.chrono.GJChronology_ESTest.test07(GJChronology_ESTest.java:108)2) test11(org.joda.time.chrono.GJChronology_ESTest)	at org.joda.time.chrono.GJChronology_ESTest.test11(GJChronology_ESTest.java:148)3) test16(org.joda.time.chrono.GJChronology_ESTest)	at org.joda.time.chrono.GJChronology_ESTest.test16(GJChronology_ESTest.java:199),org.junit.ComparisonFailure: expected:<GJChronology[[America/Los_Angeles]]> but was:<GJChronology[[UTC]]>^,,java.lang.AssertionError: expected:<1847368857600000> but was:<0>	at sun.reflect.NativeMethodAccessorImpl.invoke0(Native Method)java.lang.AssertionError: expected:<1393660800000> but was:<1393632000000>	at sun.reflect.NativeMethodAccessorImpl.invoke0(Native Method)org.junit.ComparisonFailure: expected:<GJChronology[[America/Los_Angeles]]> but was:<GJChronology[[UTC]]>	at sun.reflect.NativeMethodAccessorImpl.invoke0(Native Method)
